date,correlacion_promedio
2016-01-04,0.4403898284
2016-01-05,0.440244676
2016-01-06,0.4305000777
2016-01-07,0.4373859829
2016-01-08,0.4378770481
2016-01-11,0.4348843387
2016-01-12,0.4363360191
2016-01-13,0.4513037273
2016-01-14,0.4493840429
2016-01-15,0.4897048436
2016-01-19,0.4952639096
2016-01-20,0.4980180481
2016-01-21,0.4959706043
2016-01-22,0.4968395286
2016-01-25,0.5212496099
2016-01-26,0.5221523689
2016-01-27,0.5291021466
2016-01-28,0.5046325903
2016-01-29,0.489391501
2016-02-01,0.4882562418
2016-02-02,0.4885958133
2016-02-03,0.4921312475
2016-02-04,0.4883656093
2016-02-05,0.5152583632
2016-02-08,0.5319551161
2016-02-09,0.5318585428
2016-02-10,0.5348946261
2016-02-11,0.532027917
2016-02-12,0.5335712924
2016-02-16,0.5345882652
2016-02-17,0.5428449243
2016-02-18,0.5317100447
2016-02-19,0.5317110534
2016-02-22,0.5264379226
2016-02-23,0.5145221717
2016-02-24,0.5002468059
2016-02-25,0.5028195065
2016-02-26,0.4832459533
2016-02-29,0.474000674
2016-03-01,0.4760953671
2016-03-02,0.4753798342
2016-03-03,0.4615417193
2016-03-04,0.4566444955
2016-03-07,0.4550284497
2016-03-08,0.4535034585
2016-03-09,0.4554936087
2016-03-10,0.4571916156
2016-03-11,0.4579348013
2016-03-14,0.458381914
2016-03-15,0.4586879076
2016-03-16,0.4593362548
2016-03-17,0.4578081621
2016-03-18,0.4565512363
2016-03-21,0.4568518535
2016-03-22,0.4571782513
2016-03-23,0.4514211715
2016-03-24,0.4502811078
2016-03-28,0.4508901737
2016-03-29,0.4516985599
2016-03-30,0.4451958637
2016-03-31,0.4459943633
2016-04-01,0.4416195254
2016-04-04,0.4415910711
2016-04-05,0.4380908993
2016-04-06,0.4363191595
2016-04-07,0.4373881342
2016-04-08,0.4375795593
2016-04-11,0.4420464785
2016-04-12,0.442418351
2016-04-13,0.44496332
2016-04-14,0.4462263915
2016-04-15,0.4474625777
2016-04-18,0.4565021559
2016-04-19,0.4514100936
2016-04-20,0.4512946403
2016-04-21,0.4476800327
2016-04-22,0.4381195001
2016-04-25,0.4367187675
2016-04-26,0.4408199984
2016-04-27,0.4387713123
2016-04-28,0.4269922
2016-04-29,0.4108655045
2016-05-02,0.414172029
2016-05-03,0.4197463769
2016-05-04,0.4186607713
2016-05-05,0.4183583352
2016-05-06,0.4229345646
2016-05-09,0.424714339
2016-05-10,0.444341244
2016-05-11,0.4420118804
2016-05-12,0.4447633427
2016-05-13,0.4219279765
2016-05-16,0.4196522929
2016-05-17,0.4124688093
2016-05-18,0.4119425319
2016-05-19,0.4137842797
2016-05-20,0.4091901293
2016-05-23,0.4081894426
2016-05-24,0.4107017478
2016-05-25,0.4113243502
2016-05-26,0.4120124016
2016-05-27,0.4127308952
2016-05-31,0.4123384947
2016-06-01,0.412352322
2016-06-02,0.4068205455
2016-06-03,0.4085547571
2016-06-06,0.4075912532
2016-06-07,0.4039918823
2016-06-08,0.4022013512
2016-06-09,0.4015148825
2016-06-10,0.4033181733
2016-06-13,0.4028008591
2016-06-14,0.3961631793
2016-06-15,0.3948642672
2016-06-16,0.3946620852
2016-06-17,0.3912064696
2016-06-20,0.3910068304
2016-06-21,0.3870956935
2016-06-22,0.3831722318
2016-06-23,0.3847086398
2016-06-24,0.3946798656
2016-06-27,0.393288024
2016-06-28,0.3982440742
2016-06-29,0.3974165526
2016-06-30,0.3970323953
2016-07-01,0.3951051537
2016-07-05,0.3836336522
2016-07-06,0.3824274531
2016-07-07,0.3928182687
2016-07-08,0.3855742944
2016-07-11,0.382523585
2016-07-12,0.3833143284
2016-07-13,0.3827477679
2016-07-14,0.3603153391
2016-07-15,0.3617052766
2016-07-18,0.3511314986
2016-07-19,0.3398613167
2016-07-20,0.3406346846
2016-07-21,0.3452685251
2016-07-22,0.3438608537
2016-07-25,0.3419943371
2016-07-26,0.3408515184
2016-07-27,0.3298839906
2016-07-28,0.3322573262
2016-07-29,0.3482548091
2016-08-01,0.3493271894
2016-08-02,0.3490445691
2016-08-03,0.3441336033
2016-08-04,0.3465433764
2016-08-05,0.2898656516
2016-08-08,0.2773373744
2016-08-09,0.2789093337
2016-08-10,0.2817292933
2016-08-11,0.2841616457
2016-08-12,0.2824281601
2016-08-15,0.2796646136
2016-08-16,0.2586727422
2016-08-17,0.2694168083
2016-08-18,0.2697554613
2016-08-19,0.2523455447
2016-08-22,0.2489230032
2016-08-23,0.2483408123
2016-08-24,0.2480836903
2016-08-25,0.2477767282
2016-08-26,0.2467390687
2016-08-29,0.2354752227
2016-08-30,0.2369103312
2016-08-31,0.2393188534
2016-09-01,0.2387816177
2016-09-02,0.2326746817
2016-09-06,0.2396745567
2016-09-07,0.2385426479
2016-09-08,0.2393307189
2016-09-09,0.2532575781
2016-09-12,0.257907282
2016-09-13,0.2637113183
2016-09-14,0.2623437535
2016-09-15,0.2673464296
2016-09-16,0.2693501874
2016-09-19,0.2691302849
2016-09-20,0.2691757262
2016-09-21,0.2707356431
2016-09-22,0.2724322696
2016-09-23,0.2726701952
2016-09-26,0.2686575253
2016-09-27,0.2712038669
2016-09-28,0.2713980005
2016-09-29,0.2672449513
2016-09-30,0.2724054288
2016-10-03,0.2730610725
2016-10-04,0.2708569919
2016-10-05,0.2664788351
2016-10-06,0.2673321636
2016-10-07,0.2680347387
2016-10-10,0.2669688236
2016-10-11,0.266717451
2016-10-12,0.2667911236
2016-10-13,0.2686464716
2016-10-14,0.2698947487
2016-10-17,0.2728176304
2016-10-18,0.2728081335
2016-10-19,0.2740999619
2016-10-20,0.2822576495
2016-10-21,0.2836473155
2016-10-24,0.2872029311
2016-10-25,0.2878393593
2016-10-26,0.326322564
2016-10-27,0.3648989974
2016-10-28,0.3497016237
2016-10-31,0.3400486432
2016-11-01,0.3467251009
2016-11-02,0.3522871299
2016-11-03,0.3387895254
2016-11-04,0.3380364014
2016-11-07,0.346549889
2016-11-08,0.3481676896
2016-11-09,0.354476804
2016-11-10,0.4095798979
2016-11-11,0.3342301106
2016-11-14,0.3480687606
2016-11-15,0.3508313385
2016-11-16,0.3514698072
2016-11-17,0.3501549722
2016-11-18,0.3501534036
2016-11-21,0.3451226949
2016-11-22,0.3437442428
2016-11-23,0.3421313269
2016-11-25,0.343095245
2016-11-28,0.3425143508
2016-11-29,0.3408802552
2016-11-30,0.3433280857
2016-12-01,0.3493640783
2016-12-02,0.3495868113
2016-12-05,0.3576233071
2016-12-06,0.3586929409
2016-12-07,0.3610410568
2016-12-08,0.3515592525
2016-12-09,0.3506260817
2016-12-12,0.3517592522
2016-12-13,0.3554614722
2016-12-14,0.3550130103
2016-12-15,0.3514275337
2016-12-16,0.3496552517
2016-12-19,0.3504434458
2016-12-20,0.3582270016
2016-12-21,0.3570871361
2016-12-22,0.3393181345
2016-12-23,0.3405557959
2016-12-27,0.3386888787
2016-12-28,0.3367714265
2016-12-29,0.337115361
2016-12-30,0.340912649
2017-01-03,0.3391904709
2017-01-04,0.3430955106
2017-01-05,0.3407008431
2017-01-06,0.3381700913
2017-01-09,0.3399560255
2017-01-10,0.3411633677
2017-01-11,0.3397759308
2017-01-12,0.3382912825
2017-01-13,0.338522917
2017-01-17,0.3403880284
2017-01-18,0.3533672285
2017-01-19,0.3502150388
2017-01-20,0.3470877568
2017-01-23,0.3467029282
2017-01-24,0.349894031
2017-01-25,0.3507004853
2017-01-26,0.351368262
2017-01-27,0.3497506919
2017-01-30,0.3575457835
2017-01-31,0.3606835696
2017-02-01,0.3561249207
2017-02-02,0.3530016113
2017-02-03,0.3488133552
2017-02-06,0.3478786498
2017-02-07,0.3479431331
2017-02-08,0.3480725223
2017-02-09,0.3463605126
2017-02-10,0.3457725809
2017-02-13,0.3411100033
2017-02-14,0.3404183486
2017-02-15,0.3389915057
2017-02-16,0.3373911764
2017-02-17,0.3371544596
2017-02-21,0.337966834
2017-02-22,0.3362798816
2017-02-23,0.339083914
2017-02-24,0.3371804653
2017-02-27,0.3342790229
2017-02-28,0.3344948734
2017-03-01,0.3362735441
2017-03-02,0.3372708852
2017-03-03,0.3372687816
2017-03-06,0.3412629778
2017-03-07,0.3417686389
2017-03-08,0.3354070369
2017-03-09,0.3357174207
2017-03-10,0.3356419666
2017-03-13,0.3226201111
2017-03-14,0.3149193681
2017-03-15,0.3092171392
2017-03-16,0.3085397826
2017-03-17,0.3063983375
2017-03-20,0.3060339196
2017-03-21,0.3166072412
2017-03-22,0.3174249522
2017-03-23,0.3202385274
2017-03-24,0.3188358519
2017-03-27,0.3197184501
2017-03-28,0.3194069316
2017-03-29,0.3182915207
2017-03-30,0.3188237363
2017-03-31,0.3174110915
2017-04-03,0.3123970695
2017-04-04,0.3108970946
2017-04-05,0.3109711448
2017-04-06,0.3124041145
2017-04-07,0.3126962682
2017-04-10,0.3109338127
2017-04-11,0.3129593674
2017-04-12,0.3096227615
2017-04-13,0.3087307565
2017-04-17,0.3108499545
2017-04-18,0.3117157194
2017-04-19,0.3092270581
2017-04-20,0.3225985086
2017-04-21,0.3212896716
2017-04-24,0.3232671988
2017-04-25,0.3230509678
2017-04-26,0.3208325152
2017-04-27,0.3207774599
2017-04-28,0.3149168831
2017-05-01,0.3201960671
2017-05-02,0.3297715825
2017-05-03,0.330731719
2017-05-04,0.3225174123
2017-05-05,0.3139797023
2017-05-08,0.3216014347
2017-05-09,0.3213437653
2017-05-10,0.30704672
2017-05-11,0.3072472942
2017-05-12,0.2999723706
2017-05-15,0.2665741556
2017-05-16,0.2995788166
2017-05-17,0.3102832849
2017-05-18,0.3119959094
2017-05-19,0.3136800256
2017-05-22,0.3122818339
2017-05-23,0.3122844486
2017-05-24,0.3140676151
2017-05-25,0.3197208428
2017-05-26,0.3190540372
2017-05-30,0.3195054521
2017-05-31,0.3206296463
2017-06-01,0.3219043562
2017-06-02,0.3170003815
2017-06-05,0.3049057107
2017-06-06,0.3075451291
2017-06-07,0.3057253085
2017-06-08,0.3115313222
2017-06-09,0.3588136128
2017-06-12,0.3617979618
2017-06-13,0.3691291926
2017-06-14,0.3680191911
2017-06-15,0.3656243156
2017-06-16,0.3642401553
2017-06-19,0.3667047136
2017-06-20,0.3691321401
2017-06-21,0.3725865284
2017-06-22,0.3728293647
2017-06-23,0.3709647629
2017-06-26,0.3753214458
2017-06-27,0.39930004
2017-06-28,0.4011238328
2017-06-29,0.4110056039
2017-06-30,0.4120488348
2017-07-03,0.4158827379
2017-07-05,0.4087404601
2017-07-06,0.4098612349
2017-07-07,0.4196743329
2017-07-10,0.4255759655
2017-07-11,0.4260380178
2017-07-12,0.4304548089
2017-07-13,0.4323644859
2017-07-14,0.4364071748
2017-07-17,0.435799042
2017-07-18,0.4217745899
2017-07-19,0.4214377807
2017-07-20,0.4244524861
2017-07-21,0.4231777237
2017-07-24,0.4230329509
2017-07-25,0.4187780556
2017-07-26,0.4200022535
2017-07-27,0.4095788792
2017-07-28,0.4062127396
2017-07-31,0.412355188
2017-08-01,0.4113773369
2017-08-02,0.4150723097
2017-08-03,0.4133245242
2017-08-04,0.4207340569
2017-08-07,0.420192575
2017-08-08,0.419560905
2017-08-09,0.4208114872
2017-08-10,0.4364779416
2017-08-11,0.4334584528
2017-08-14,0.4406987335
2017-08-15,0.4411970752
2017-08-16,0.4408698065
2017-08-17,0.4511774251
2017-08-18,0.4515349224
2017-08-21,0.4517935086
2017-08-22,0.4566662588
2017-08-23,0.4516055329
2017-08-24,0.4527333258
2017-08-25,0.4581539566
2017-08-28,0.4578808315
2017-08-29,0.4581127102
2017-08-30,0.4580630362
2017-08-31,0.458609813
2017-09-01,0.4597790488
2017-09-05,0.4629979782
2017-09-06,0.4616021369
2017-09-07,0.4618499806
2017-09-08,0.4663196725
2017-09-11,0.4704283376
2017-09-12,0.4720458442
2017-09-13,0.4706382445
2017-09-14,0.4684345352
2017-09-15,0.4652698087
2017-09-18,0.4617348773
2017-09-19,0.4484357169
2017-09-20,0.4469386791
2017-09-21,0.4460753494
2017-09-22,0.4498026736
2017-09-25,0.4572442751
2017-09-26,0.4570505782
2017-09-27,0.4574282592
2017-09-28,0.4570791178
2017-09-29,0.4584996111
2017-10-02,0.4623211519
2017-10-03,0.4694902363
2017-10-04,0.4661365793
2017-10-05,0.4672185168
2017-10-06,0.4676783343
2017-10-09,0.4689198046
2017-10-10,0.4659073825
2017-10-11,0.4640533886
2017-10-12,0.4656438634
2017-10-13,0.4637328127
2017-10-16,0.4635078494
2017-10-17,0.4647478683
2017-10-18,0.4640198079
2017-10-19,0.4660157884
2017-10-20,0.4662159594
2017-10-23,0.4700027054
2017-10-24,0.4699638442
2017-10-25,0.4710396044
2017-10-26,0.479181396
2017-10-27,0.4451459864
2017-10-30,0.4453752316
2017-10-31,0.4456240418
2017-11-01,0.4448666414
2017-11-02,0.4468412687
2017-11-03,0.4484201351
2017-11-06,0.4496481378
2017-11-07,0.4716627032
2017-11-08,0.473393411
2017-11-09,0.4742131507
2017-11-10,0.4743155558
2017-11-13,0.4722513194
2017-11-14,0.4536666311
2017-11-15,0.4493863901
2017-11-16,0.4504503307
2017-11-17,0.4504411242
2017-11-20,0.4509654498
2017-11-21,0.4527236715
2017-11-22,0.4499717086
2017-11-24,0.4501475471
2017-11-27,0.4479403879
2017-11-28,0.4472659754
2017-11-29,0.4693435462
2017-11-30,0.4694026632
2017-12-01,0.4708655187
2017-12-04,0.475755567
2017-12-05,0.4750746554
2017-12-06,0.4790650494
2017-12-07,0.4548727808
2017-12-08,0.4544847078
2017-12-11,0.4497752904
2017-12-12,0.446817722
2017-12-13,0.4448410962
2017-12-14,0.4466337101
2017-12-15,0.4476145435
2017-12-18,0.4463240275
2017-12-19,0.4461969974
2017-12-20,0.446151089
2017-12-21,0.4491398912
2017-12-22,0.4475936591
2017-12-26,0.4327103079
2017-12-27,0.4264665484
2017-12-28,0.4163390037
2017-12-29,0.4178300316
2018-01-02,0.4211198539
2018-01-03,0.4317923167
2018-01-04,0.4297211974
2018-01-05,0.4272030349
2018-01-08,0.4264057623
2018-01-09,0.426276149
2018-01-10,0.4210212768
2018-01-11,0.4203487952
2018-01-12,0.4017319332
2018-01-16,0.401705806
2018-01-17,0.4054155387
2018-01-18,0.4047179159
2018-01-19,0.405327724
2018-01-22,0.4119712802
2018-01-23,0.4128988498
2018-01-24,0.4105199079
2018-01-25,0.4085758635
2018-01-26,0.4185923677
2018-01-29,0.4169465681
2018-01-30,0.4068908557
2018-01-31,0.4039900159
2018-02-01,0.3929687416
2018-02-02,0.3808971933
2018-02-05,0.4163947145
2018-02-06,0.426794294
2018-02-07,0.4206652692
2018-02-08,0.4654086351
2018-02-09,0.4457275829
2018-02-12,0.4493524135
2018-02-13,0.4478981422
2018-02-14,0.4513361715
2018-02-15,0.4544336295
2018-02-16,0.44678058
2018-02-20,0.4456879487
2018-02-21,0.4422083867
2018-02-22,0.4380635822
2018-02-23,0.4431297847
2018-02-26,0.4438911503
2018-02-27,0.4441877786
2018-02-28,0.4459421248
2018-03-01,0.451395947
2018-03-02,0.4506646198
2018-03-05,0.448948965
2018-03-06,0.4472295906
2018-03-07,0.4426991022
2018-03-08,0.4426636585
2018-03-09,0.44368504
2018-03-12,0.4344111013
2018-03-13,0.4332019759
2018-03-14,0.4301102401
2018-03-15,0.4308448521
2018-03-16,0.4327392102
2018-03-19,0.4462530164
2018-03-20,0.4447565724
2018-03-21,0.4455511268
2018-03-22,0.4554243436
2018-03-23,0.4657937599
2018-03-26,0.4699135264
2018-03-27,0.5001017636
2018-03-28,0.5015137472
2018-03-29,0.5089722171
2018-04-02,0.5244960323
2018-04-03,0.5245540519
2018-04-04,0.5224939413
2018-04-05,0.5196256509
2018-04-06,0.5250068834
2018-04-09,0.524146562
2018-04-10,0.5314538951
2018-04-11,0.5321406873
2018-04-12,0.53105554
2018-04-13,0.530336674
2018-04-16,0.5287799439
2018-04-17,0.5292829334
2018-04-18,0.5282681807
2018-04-19,0.5259263976
2018-04-20,0.5286237031
2018-04-23,0.5288927563
2018-04-24,0.5305351437
2018-04-25,0.5289432847
2018-04-26,0.5293298923
2018-04-27,0.5255789885
2018-04-30,0.525706409
2018-05-01,0.5418480742
2018-05-02,0.5409986008
2018-05-03,0.5390355928
2018-05-04,0.5430561095
2018-05-07,0.5458809297
2018-05-08,0.5455759634
2018-05-09,0.5467245154
2018-05-10,0.5470593655
2018-05-11,0.5471961659
2018-05-14,0.5461599961
2018-05-15,0.5531324148
2018-05-16,0.555162421
2018-05-17,0.5554120356
2018-05-18,0.5566491861
2018-05-21,0.5560944914
2018-05-22,0.5567898826
2018-05-23,0.5589626191
2018-05-24,0.5578129862
2018-05-25,0.5585003542
2018-05-29,0.5580109114
2018-05-30,0.5600274189
2018-05-31,0.557694349
2018-06-01,0.5476548694
2018-06-04,0.5479486534
2018-06-05,0.5456723923
2018-06-06,0.5354582219
2018-06-07,0.5369013158
2018-06-08,0.5362438828
2018-06-11,0.5357988871
2018-06-12,0.5362417961
2018-06-13,0.536235367
2018-06-14,0.5412077802
2018-06-15,0.5425692351
2018-06-18,0.5412006495
2018-06-19,0.5373322517
2018-06-20,0.5397237415
2018-06-21,0.5402028319
2018-06-22,0.5406974583
2018-06-25,0.5458248334
2018-06-26,0.5456923121
2018-06-27,0.5473398683
2018-06-28,0.5480660187
2018-06-29,0.5493313957
2018-07-02,0.5474389717
2018-07-03,0.5483079247
2018-07-05,0.5500201654
2018-07-06,0.5504063025
2018-07-09,0.550818317
2018-07-10,0.5499674602
2018-07-11,0.549288497
2018-07-12,0.5468348943
2018-07-13,0.5441722714
2018-07-16,0.5511809191
2018-07-17,0.5447355387
2018-07-18,0.5469462762
2018-07-19,0.5477582855
2018-07-20,0.5478398709
2018-07-23,0.5447866436
2018-07-24,0.5405563345
2018-07-25,0.5460184111
2018-07-26,0.5055048755
2018-07-27,0.5045971539
2018-07-30,0.5108910105
2018-07-31,0.5119400453
2018-08-01,0.5142237004
2018-08-02,0.5179096595
2018-08-03,0.528235624
2018-08-06,0.5137123438
2018-08-07,0.5069785554
2018-08-08,0.5101726666
2018-08-09,0.4860556471
2018-08-10,0.4955480108
2018-08-13,0.4989980529
2018-08-14,0.4991416122
2018-08-15,0.4989744153
2018-08-16,0.4982313922
2018-08-17,0.4990778411
2018-08-20,0.4986287184
2018-08-21,0.5007218002
2018-08-22,0.5010453799
2018-08-23,0.4980413718
2018-08-24,0.4964349017
2018-08-27,0.4958420141
2018-08-28,0.4950168189
2018-08-29,0.4892466511
2018-08-30,0.48842244
2018-08-31,0.488248536
2018-09-04,0.487713014
2018-09-05,0.4924367403
2018-09-06,0.4922359439
2018-09-07,0.490060922
2018-09-10,0.4903522679
2018-09-11,0.487374553
2018-09-12,0.4836523557
2018-09-13,0.4832017458
2018-09-14,0.4821324515
2018-09-17,0.475851371
2018-09-18,0.4763603451
2018-09-19,0.475540435
2018-09-20,0.4671947903
2018-09-21,0.4614301756
2018-09-24,0.4579151109
2018-09-25,0.425388943
2018-09-26,0.4221597311
2018-09-27,0.4132408973
2018-09-28,0.3822059476
2018-10-01,0.3759520695
2018-10-02,0.3774620049
2018-10-03,0.3789709294
2018-10-04,0.3839136161
2018-10-05,0.3908707045
2018-10-08,0.3813667904
2018-10-09,0.3813683496
2018-10-10,0.4135091063
2018-10-11,0.4128387662
2018-10-12,0.4209862719
2018-10-15,0.4167353714
2018-10-16,0.4329356904
2018-10-17,0.4327781926
2018-10-18,0.4384428899
2018-10-19,0.435508876
2018-10-22,0.4315336447
2018-10-23,0.4207873385
2018-10-24,0.442157038
2018-10-25,0.4640302036
2018-10-26,0.4578652115
2018-10-29,0.462014254
2018-10-30,0.4549258952
2018-10-31,0.4669712119
2018-11-01,0.4628497965
2018-11-02,0.4613823578
2018-11-05,0.4602558828
2018-11-06,0.4581273315
2018-11-07,0.4599529205
2018-11-08,0.4605674456
2018-11-09,0.4615097332
2018-11-12,0.4684917339
2018-11-13,0.4662167707
2018-11-14,0.4642373175
2018-11-15,0.4641939839
2018-11-16,0.4444386643
2018-11-19,0.4568022856
2018-11-20,0.4535603534
2018-11-21,0.4510542198
2018-11-23,0.4518432453
2018-11-26,0.4604700983
2018-11-27,0.4586205757
2018-11-28,0.4646148908
2018-11-29,0.4624587262
2018-11-30,0.4625930518
2018-12-03,0.4635115543
2018-12-04,0.4698285662
2018-12-06,0.47036915
2018-12-07,0.475062145
2018-12-10,0.4761515974
2018-12-11,0.4748012841
2018-12-12,0.4765798908
2018-12-13,0.4738777846
2018-12-14,0.4751141547
2018-12-17,0.478054608
2018-12-18,0.480278656
2018-12-19,0.4802926694
2018-12-20,0.4810515175
2018-12-21,0.4843523631
2018-12-24,0.4834569946
2018-12-26,0.5115061137
2018-12-27,0.5105610374
2018-12-28,0.5091002044
2018-12-31,0.5067310697
2019-01-02,0.503234468
2019-01-03,0.5009436637
2019-01-04,0.5151184029
2019-01-07,0.5154963527
2019-01-08,0.5131432767
2019-01-09,0.5131802321
2019-01-10,0.5134763786
2019-01-11,0.5124448827
2019-01-14,0.5131447432
2019-01-15,0.5151280803
2019-01-16,0.5187796659
2019-01-17,0.5189740556
2019-01-18,0.5117367289
2019-01-22,0.5142602039
2019-01-23,0.514334854
2019-01-24,0.5183003615
2019-01-25,0.5180651331
2019-01-28,0.5539054211
2019-01-29,0.5549554451
2019-01-30,0.5582386249
2019-01-31,0.5482525906
2019-02-01,0.5448753924
2019-02-04,0.5437139527
2019-02-05,0.5446517091
2019-02-06,0.5452058863
2019-02-07,0.5490022391
2019-02-08,0.5493175487
2019-02-11,0.5497834504
2019-02-12,0.5492386021
2019-02-13,0.5488920482
2019-02-14,0.5492780523
2019-02-15,0.5478542894
2019-02-19,0.5480126366
2019-02-20,0.5472768723
2019-02-21,0.5486684441
2019-02-22,0.5495187168
2019-02-25,0.5493582487
2019-02-26,0.5497099693
2019-02-27,0.5490997091
2019-02-28,0.5488775851
2019-03-01,0.5448309993
2019-03-04,0.5440957907
2019-03-05,0.5429137596
2019-03-06,0.5431087149
2019-03-07,0.5451145912
2019-03-08,0.5437954378
2019-03-11,0.547388464
2019-03-12,0.5472193877
2019-03-13,0.5490950271
2019-03-14,0.5501442625
2019-03-15,0.5514427971
2019-03-18,0.5496066634
2019-03-19,0.5491655674
2019-03-20,0.5498077179
2019-03-21,0.5523694172
2019-03-22,0.5554444574
2019-03-25,0.5556183166
2019-03-26,0.5547093787
2019-03-27,0.553641213
2019-03-28,0.5539616233
2019-03-29,0.5542917278
2019-04-01,0.5561088696
2019-04-02,0.5619832188
2019-04-03,0.569873069
2019-04-04,0.5658894189
2019-04-05,0.566148747
2019-04-08,0.5627184021
2019-04-09,0.5602522992
2019-04-10,0.5597842426
2019-04-11,0.5605322924
2019-04-12,0.548992432
2019-04-15,0.5494419004
2019-04-16,0.5473681926
2019-04-17,0.5471181894
2019-04-18,0.5394720519
2019-04-22,0.5398394476
2019-04-23,0.5369772436
2019-04-24,0.5382118983
2019-04-25,0.5312989494
2019-04-26,0.5365745887
2019-04-29,0.5222652324
2019-04-30,0.4972242269
2019-05-01,0.5027243292
2019-05-02,0.4992761115
2019-05-03,0.5044876158
2019-05-06,0.4971568243
2019-05-07,0.5018207795
2019-05-08,0.5020961361
2019-05-09,0.503687363
2019-05-10,0.5047392636
2019-05-13,0.5140726517
2019-05-14,0.5133636338
2019-05-15,0.5113201954
2019-05-16,0.5012874263
2019-05-17,0.5053238508
2019-05-20,0.5096475953
2019-05-21,0.5095162336
2019-05-22,0.5224790963
2019-05-23,0.5124159813
2019-05-24,0.5139437053
2019-05-28,0.5163188074
2019-05-29,0.5153738315
2019-05-30,0.507968638
2019-05-31,0.5114327197
2019-06-03,0.5109529155
2019-06-04,0.5202908593
2019-06-05,0.5196764131
2019-06-06,0.5200453731
2019-06-07,0.5157416207
2019-06-10,0.5121765522
2019-06-11,0.5061346987
2019-06-12,0.5060694798
2019-06-13,0.5072856423
2019-06-14,0.5054602716
2019-06-17,0.5072290314
2019-06-18,0.5039416203
2019-06-19,0.4989579589
2019-06-20,0.4992443341
2019-06-21,0.4964473776
2019-06-24,0.4935082035
2019-06-25,0.4908800204
2019-06-26,0.4842886628
2019-06-27,0.4389130466
2019-06-28,0.4384727655
2019-07-01,0.4414289844
2019-07-02,0.4441400661
2019-07-03,0.4512922948
2019-07-05,0.4473992339
2019-07-08,0.4158365464
2019-07-09,0.4129720177
2019-07-10,0.4171493053
2019-07-11,0.4153289126
2019-07-12,0.4144974608
2019-07-15,0.4174399282
2019-07-16,0.4181470989
2019-07-17,0.4120614905
2019-07-18,0.4003253088
2019-07-19,0.3994456002
2019-07-22,0.410253687
2019-07-23,0.4006411246
2019-07-24,0.4009340283
2019-07-25,0.3957946639
2019-07-26,0.3692750242
2019-07-29,0.3725006713
2019-07-30,0.3677546196
2019-07-31,0.3525715298
2019-08-01,0.3573403418
2019-08-02,0.3686929724
2019-08-05,0.3834389536
2019-08-06,0.3832696644
2019-08-07,0.3840605365
2019-08-08,0.3863340903
2019-08-09,0.391452413
2019-08-12,0.3934059791
2019-08-13,0.3964628222
2019-08-14,0.417388307
2019-08-15,0.4177925512
2019-08-16,0.4201330871
2019-08-19,0.425764055
2019-08-20,0.427946326
2019-08-21,0.4247051834
2019-08-22,0.4223873027
2019-08-23,0.4337757035
2019-08-26,0.4363764921
2019-08-27,0.4387985111
2019-08-28,0.4395225194
2019-08-29,0.4517857252
2019-08-30,0.455760358
2019-09-03,0.4577890549
2019-09-04,0.4594213723
2019-09-05,0.4642049272
2019-09-06,0.4655271663
2019-09-09,0.458244105
2019-09-10,0.4577912633
2019-09-11,0.4567311963
2019-09-12,0.4559990031
2019-09-13,0.4610088074
2019-09-16,0.4659564209
2019-09-17,0.4680073491
2019-09-18,0.4655860332
2019-09-19,0.4650850542
2019-09-20,0.4588289993
2019-09-23,0.4596155719
2019-09-24,0.469613291
2019-09-25,0.4758586219
2019-09-26,0.4707231249
2019-09-27,0.4705509188
2019-09-30,0.4658695818
2019-10-01,0.4667406645
2019-10-02,0.4671092566
2019-10-03,0.467990553
2019-10-04,0.4690558698
2019-10-07,0.4687730044
2019-10-08,0.4705260567
2019-10-09,0.4704560029
2019-10-10,0.469320328
2019-10-11,0.4737396932
2019-10-14,0.4741090459
2019-10-15,0.4743622927
2019-10-16,0.4743090097
2019-10-17,0.4749882068
2019-10-18,0.4819391136
2019-10-21,0.4800452267
2019-10-22,0.4773435504
2019-10-23,0.4899668686
2019-10-24,0.4884100964
2019-10-25,0.4872705583
2019-10-28,0.4987443939
2019-10-29,0.5018140115
2019-10-30,0.5008526817
2019-10-31,0.4982288677
2019-11-01,0.4980239793
2019-11-04,0.4948557614
2019-11-05,0.4948283572
2019-11-06,0.4931634387
2019-11-07,0.4922007988
2019-11-08,0.4750070443
2019-11-11,0.4754288841
2019-11-12,0.4768920906
2019-11-13,0.4792751118
2019-11-14,0.4747560108
2019-11-15,0.4676790893
2019-11-18,0.4652889617
2019-11-19,0.4668108163
2019-11-20,0.4645767159
2019-11-21,0.4643788012
2019-11-22,0.4636181789
2019-11-25,0.4628150774
2019-11-26,0.4609488663
2019-11-27,0.4551649321
2019-11-29,0.4442692877
2019-12-02,0.4300712409
2019-12-03,0.4312699522
2019-12-04,0.4293823625
2019-12-05,0.4294632278
2019-12-06,0.4350923567
2019-12-09,0.435364642
2019-12-10,0.4309251457
2019-12-11,0.4307945357
2019-12-12,0.4289871389
2019-12-13,0.4271000592
2019-12-16,0.4311049555
2019-12-17,0.4297043637
2019-12-18,0.4301248705
2019-12-19,0.4336297834
2019-12-20,0.4335092789
2019-12-23,0.4268151812
2019-12-24,0.4311101534
2019-12-26,0.4240545852
2019-12-27,0.4257086844
2019-12-30,0.4298838499
2019-12-31,0.4324143299
2020-01-02,0.4365363812
2020-01-03,0.4364320665
2020-01-06,0.4394409157
2020-01-07,0.4395502227
2020-01-08,0.4360006756
2020-01-09,0.4372271442
2020-01-10,0.4381458844
2020-01-13,0.4447251085
2020-01-14,0.4438531797
2020-01-15,0.4432348343
2020-01-16,0.4521256473
2020-01-17,0.449940916
2020-01-21,0.4495680615
2020-01-22,0.4471257323
2020-01-23,0.4403223939
2020-01-24,0.4443132474
2020-01-27,0.4918981943
2020-01-28,0.4966564569
2020-01-29,0.4952718289
2020-01-30,0.4696842068
2020-01-31,0.4260253374
2020-02-03,0.4269223223
2020-02-04,0.3994611132
2020-02-05,0.391054911
2020-02-06,0.390691231
2020-02-07,0.3816091223
2020-02-10,0.379454104
2020-02-11,0.3739684919
2020-02-12,0.3705572097
2020-02-13,0.3399118669
2020-02-14,0.3351178105
2020-02-18,0.3376271862
2020-02-19,0.330419251
2020-02-20,0.3279039845
2020-02-21,0.3390439737
2020-02-24,0.3771492126
2020-02-25,0.3719624343
2020-02-26,0.366394071
2020-02-27,0.403191799
2020-02-28,0.3978138271
2020-03-02,0.4083298257
2020-03-03,0.4194376729
2020-03-04,0.4296015103
2020-03-05,0.4433347634
2020-03-06,0.4433127615
2020-03-09,0.4918169194
2020-03-10,0.5123679121
2020-03-11,0.5253463759
2020-03-12,0.5835100652
2020-03-13,0.5903873639
2020-03-16,0.6464957805
2020-03-17,0.6415770499
2020-03-18,0.638083873
2020-03-19,0.6456766886
2020-03-20,0.6457871074
2020-03-23,0.6394020308
2020-03-24,0.6373510183
2020-03-25,0.6315943271
2020-03-26,0.6302372001
2020-03-27,0.6332030782
2020-03-30,0.6319584936
2020-03-31,0.6314299032
2020-04-01,0.6376245821
2020-04-02,0.6345108694
2020-04-03,0.634882975
2020-04-06,0.6444256474
2020-04-07,0.6417207339
2020-04-08,0.6407672947
2020-04-09,0.6407511424
2020-04-13,0.6401444437
2020-04-14,0.6443647269
2020-04-15,0.6431753321
2020-04-16,0.642456783
2020-04-17,0.639424968
2020-04-20,0.6377635238
2020-04-21,0.6417855085
2020-04-22,0.6372939989
2020-04-23,0.6372094345
2020-04-24,0.6374114164
2020-04-27,0.6382739405
2020-04-28,0.6421316276
2020-04-29,0.639261722
2020-04-30,0.633591349
2020-05-01,0.6335173273
2020-05-04,0.6348674004
2020-05-05,0.6344899058
2020-05-06,0.6344175998
2020-05-07,0.6342269507
2020-05-08,0.6343502583
2020-05-11,0.6342924214
2020-05-12,0.6351308817
2020-05-13,0.6345027315
2020-05-14,0.6352991381
2020-05-15,0.6348209343
2020-05-18,0.6348558301
2020-05-19,0.6359433896
2020-05-20,0.6342982821
2020-05-21,0.6338921012
2020-05-22,0.6330525617
2020-05-26,0.6328648585
2020-05-27,0.6331649688
2020-05-28,0.6336904082
2020-05-29,0.6342977677
2020-06-01,0.6336400081
2020-06-02,0.6333364692
2020-06-03,0.6333686765
2020-06-04,0.6339672324
2020-06-05,0.6349513041
2020-06-08,0.6341114127
2020-06-09,0.6330091348
2020-06-10,0.6322112726
2020-06-11,0.6375523701
2020-06-12,0.6361688554
2020-06-15,0.6380823788
2020-06-16,0.6370306942
2020-06-17,0.636712758
2020-06-18,0.6376931758
2020-06-19,0.6379856591
2020-06-22,0.6375941529
2020-06-23,0.6372797389
2020-06-24,0.6391650197
2020-06-25,0.6393035913
2020-06-26,0.6435371063
2020-06-29,0.6427770181
2020-06-30,0.6431122507
2020-07-01,0.6423817981
2020-07-02,0.6393920237
2020-07-06,0.6416221986
2020-07-07,0.6412579168
2020-07-08,0.6410732936
2020-07-09,0.6415250082
2020-07-10,0.6382568666
2020-07-13,0.6408262721
2020-07-14,0.6400641122
2020-07-15,0.6394727784
2020-07-16,0.639771448
2020-07-17,0.6366070881
2020-07-20,0.6363315566
2020-07-21,0.638215256
2020-07-22,0.6394033337
2020-07-23,0.646387652
2020-07-24,0.6457015455
2020-07-27,0.6453087098
2020-07-28,0.6461874434
2020-07-29,0.646938277
2020-07-30,0.6531315368
2020-07-31,0.6540743251
2020-08-03,0.65586626
2020-08-04,0.6583421419
2020-08-05,0.6636232608
2020-08-06,0.6615806219
2020-08-07,0.6613503554
2020-08-10,0.6614329777
2020-08-11,0.6637828738
2020-08-12,0.664708305
2020-08-13,0.6651242405
2020-08-14,0.6675917459
2020-08-17,0.6653194117
2020-08-18,0.6657268494
2020-08-19,0.6655266298
2020-08-20,0.6652085259
2020-08-21,0.6585353239
2020-08-24,0.6561393874
2020-08-25,0.6582346193
2020-08-26,0.6487416389
2020-08-27,0.6503218458
2020-08-28,0.6475623593
2020-08-31,0.6435862843
2020-09-01,0.6400605806
2020-09-02,0.633214254
2020-09-03,0.6404145824
2020-09-04,0.6266165394
2020-09-08,0.6266420265
2020-09-09,0.6209657695
2020-09-10,0.5959754674
2020-09-11,0.5933393336
2020-09-14,0.5382356579
2020-09-15,0.5407221737
2020-09-16,0.5446267797
2020-09-17,0.5412456645
2020-09-18,0.5397588678
2020-09-21,0.5435838052
2020-09-22,0.5361627951
2020-09-23,0.5474834419
2020-09-24,0.5465887248
2020-09-25,0.5452416519
2020-09-28,0.5452958434
2020-09-29,0.545480423
2020-09-30,0.5347930771
2020-10-01,0.5393186633
2020-10-02,0.5486281752
2020-10-05,0.5349471975
2020-10-06,0.5402353911
2020-10-07,0.5393787312
2020-10-08,0.5386599529
2020-10-09,0.5387020944
2020-10-12,0.5312372783
2020-10-13,0.5325039435
2020-10-14,0.5341602931
2020-10-15,0.5378898481
2020-10-16,0.5405186428
2020-10-19,0.53463876
2020-10-20,0.5370749549
2020-10-21,0.5284683017
2020-10-22,0.5281013047
2020-10-23,0.5321866258
2020-10-26,0.5263254438
2020-10-27,0.5304051708
2020-10-28,0.5433166569
2020-10-29,0.5432715252
2020-10-30,0.5335049621
2020-11-02,0.5334128286
2020-11-03,0.5347805187
2020-11-04,0.5370854268
2020-11-05,0.5393262461
2020-11-06,0.5389212759
2020-11-09,0.5413166667
2020-11-10,0.5405000045
2020-11-11,0.5405049386
2020-11-12,0.541724978
2020-11-13,0.5408698913
2020-11-16,0.5413260698
2020-11-17,0.5409249764
2020-11-18,0.537750597
2020-11-19,0.5393246124
2020-11-20,0.5400346142
2020-11-23,0.5388313911
2020-11-24,0.5371451688
2020-11-25,0.5367002812
2020-11-27,0.5376920369
2020-11-30,0.5374590352
2020-12-01,0.5376794279
2020-12-02,0.5355049831
2020-12-03,0.5339935924
2020-12-04,0.5351888634
2020-12-07,0.5347249128
2020-12-08,0.5355326171
2020-12-09,0.5322405043
2020-12-10,0.5335442154
2020-12-11,0.5319591809
2020-12-14,0.5317437707
2020-12-15,0.5318149549
2020-12-16,0.5308098134
2020-12-17,0.5301550505
2020-12-18,0.5292236883
2020-12-21,0.5291165245
2020-12-22,0.5262339877
2020-12-23,0.5252428943
2020-12-24,0.5172899984
2020-12-28,0.5159739814
2020-12-29,0.5115861996
2020-12-30,0.5079675469
2020-12-31,0.5098013552
2021-01-04,0.5019457655
2021-01-05,0.5022662493
2021-01-06,0.5034791564
2021-01-07,0.5067576589
2021-01-08,0.5082981316
2021-01-11,0.5023969471
2021-01-12,0.5019304514
2021-01-13,0.5024290261
2021-01-14,0.5043315759
2021-01-15,0.5062006276
2021-01-19,0.5037337797
2021-01-20,0.4987781364
2021-01-21,0.4976348201
2021-01-22,0.4906369861
2021-01-25,0.4911467206
2021-01-26,0.4876455502
2021-01-27,0.4936290749
2021-01-28,0.4904894853
2021-01-29,0.4923580919
2021-02-01,0.510638186
2021-02-02,0.5149166998
2021-02-03,0.5021127536
2021-02-04,0.502753888
2021-02-05,0.5058580906
2021-02-08,0.5016618726
2021-02-09,0.4999087792
2021-02-10,0.493344107
2021-02-11,0.4873424026
2021-02-12,0.4869675149
2021-02-16,0.4862394371
2021-02-17,0.4866579885
2021-02-18,0.4880298344
2021-02-19,0.4876248563
2021-02-22,0.488905164
2021-02-23,0.489600589
2021-02-24,0.4892348048
2021-02-25,0.4986154214
2021-02-26,0.4939149149
2021-03-01,0.4983133128
2021-03-02,0.5013070199
2021-03-03,0.5095502022
2021-03-04,0.5104861824
2021-03-05,0.5132141621
2021-03-08,0.5040087992
2021-03-09,0.514739172
2021-03-10,0.5013973406
2021-03-11,0.5077572347
2021-03-12,0.5069295448
2021-03-15,0.506599542
2021-03-16,0.5115097751
2021-03-17,0.5079408971
2021-03-18,0.5128734277
2021-03-19,0.5088234267
2021-03-22,0.5115814628
2021-03-23,0.5140927148
2021-03-24,0.5256110917
2021-03-25,0.513644391
2021-03-26,0.5115263529
2021-03-29,0.507804332
2021-03-30,0.5059189998
2021-03-31,0.5088802372
2021-04-01,0.5101307884
2021-04-05,0.5097507049
2021-04-06,0.5002901809
2021-04-07,0.4955619362
2021-04-08,0.4942025817
2021-04-09,0.4940029276
2021-04-12,0.4909360615
2021-04-13,0.4905799444
2021-04-14,0.4927658811
2021-04-15,0.4941511994
2021-04-16,0.4951279539
2021-04-19,0.4936288319
2021-04-20,0.4938237337
2021-04-21,0.4856186827
2021-04-22,0.4887702873
2021-04-23,0.4993864098
2021-04-26,0.4997249436
2021-04-27,0.5000721795
2021-04-28,0.4989595589
2021-04-29,0.4909520993
2021-04-30,0.4793062432
2021-05-03,0.4768660388
2021-05-04,0.4871025576
2021-05-05,0.4879906306
2021-05-06,0.4855320955
2021-05-07,0.4803050786
2021-05-10,0.4875609356
2021-05-11,0.4874183031
2021-05-12,0.485778061
2021-05-13,0.4865847325
2021-05-14,0.4902263023
2021-05-17,0.4886603192
2021-05-18,0.4903735763
2021-05-19,0.4902167007
2021-05-20,0.4964137044
2021-05-21,0.5006221832
2021-05-24,0.5043587803
2021-05-25,0.5039482792
2021-05-26,0.5069359315
2021-05-27,0.505977812
2021-05-28,0.5037564294
2021-06-01,0.5031586287
2021-06-02,0.5019303858
2021-06-03,0.500665353
2021-06-04,0.5040547025
2021-06-07,0.5054040702
2021-06-08,0.5035419274
2021-06-09,0.504757392
2021-06-10,0.5052402315
2021-06-11,0.4967004668
2021-06-14,0.4987005649
2021-06-15,0.5000790212
2021-06-16,0.500814539
2021-06-17,0.5023231834
2021-06-18,0.5038749749
2021-06-21,0.5048087026
2021-06-22,0.5086191044
2021-06-23,0.5088076803
2021-06-24,0.5068745213
2021-06-25,0.5065744992
2021-06-28,0.5069733632
2021-06-29,0.5096170277
2021-06-30,0.5113732525
2021-07-01,0.5139441264
2021-07-02,0.5144594841
2021-07-06,0.5085865852
2021-07-07,0.50848433
2021-07-08,0.5068133739
2021-07-09,0.5018888876
2021-07-12,0.5046398904
2021-07-13,0.503909249
2021-07-14,0.5060316288
2021-07-15,0.5071703171
2021-07-16,0.5063069109
2021-07-19,0.505150606
2021-07-20,0.5043636775
2021-07-21,0.5058471585
2021-07-22,0.5072025591
2021-07-23,0.5037351138
2021-07-26,0.5049262435
2021-07-27,0.5056885542
2021-07-28,0.4914281601
2021-07-29,0.4920480081
2021-07-30,0.4732729973
2021-08-02,0.4667836626
2021-08-03,0.4628432681
2021-08-04,0.4849330418
2021-08-05,0.4872987287
2021-08-06,0.4889898421
2021-08-09,0.4936303353
2021-08-10,0.4963376714
2021-08-11,0.5005354337
2021-08-12,0.5027035441
2021-08-13,0.5029438711
2021-08-16,0.5027124052
2021-08-17,0.5063874354
2021-08-18,0.5042477986
2021-08-19,0.4981768024
2021-08-20,0.4929124018
2021-08-23,0.4995445891
2021-08-24,0.5016864098
2021-08-25,0.4846747762
2021-08-26,0.4862934363
2021-08-27,0.4836797709
2021-08-30,0.4811129922
2021-08-31,0.4657534031
2021-09-01,0.4665217311
2021-09-02,0.4696289114
2021-09-03,0.4470223066
2021-09-07,0.4205316036
2021-09-08,0.419661398
2021-09-09,0.4047343438
2021-09-10,0.4007709961
2021-09-13,0.3996783193
2021-09-14,0.4026887865
2021-09-15,0.4026114795
2021-09-16,0.3757635422
2021-09-17,0.3760156628
2021-09-20,0.3883297771
2021-09-21,0.3906944655
2021-09-22,0.3713795293
2021-09-23,0.3722562094
2021-09-24,0.3730629635
2021-09-27,0.3722750976
2021-09-28,0.3883882889
2021-09-29,0.3788920916
2021-09-30,0.3731024726
2021-10-01,0.3664998436
2021-10-04,0.3753724747
2021-10-05,0.3819162406
2021-10-06,0.3815925741
2021-10-07,0.3809206199
2021-10-08,0.3865038312
2021-10-11,0.3899751942
2021-10-12,0.3790429862
2021-10-13,0.3749170716
2021-10-14,0.3766755746
2021-10-15,0.3738043178
2021-10-18,0.3782562259
2021-10-19,0.3971576141
2021-10-20,0.3925644125
2021-10-21,0.3926379712
2021-10-22,0.3833730842
2021-10-25,0.3769088633
2021-10-26,0.368961339
2021-10-27,0.3674583729
2021-10-28,0.3747057631
2021-10-29,0.3692003955
2021-11-01,0.3478825146
2021-11-02,0.3452733207
2021-11-03,0.3485649947
2021-11-04,0.3337367089
2021-11-05,0.2997486289
2021-11-08,0.2983904431
2021-11-09,0.2726957161
2021-11-10,0.2762824736
2021-11-11,0.2654650778
2021-11-12,0.2653979771
2021-11-15,0.2612210383
2021-11-16,0.2604155947
2021-11-17,0.2513141164
2021-11-18,0.2460351074
2021-11-19,0.2348766703
2021-11-22,0.2418906388
2021-11-23,0.2440897149
2021-11-24,0.2458040632
2021-11-26,0.2543212926
2021-11-29,0.2604992604
2021-11-30,0.2714469192
2021-12-01,0.2829663003
2021-12-02,0.2771529225
2021-12-03,0.2879727246
2021-12-06,0.2868482738
2021-12-07,0.300690126
2021-12-08,0.2986276424
2021-12-09,0.3055833183
2021-12-10,0.3032939615
2021-12-13,0.3043427065
2021-12-14,0.3056460448
2021-12-15,0.3085951485
2021-12-16,0.3232354285
2021-12-17,0.3237760558
2021-12-20,0.3214517357
2021-12-21,0.3302682804
2021-12-22,0.33159454
2021-12-23,0.3326447581
2021-12-27,0.3290830646
2021-12-28,0.3287204946
2021-12-29,0.3286742603
2021-12-30,0.3290139271
2021-12-31,0.3326772783
2022-01-03,0.3366190871
2022-01-04,0.3399588996
2022-01-05,0.3628089827
2022-01-06,0.3591225838
2022-01-07,0.3601285196
2022-01-10,0.3593172658
2022-01-11,0.3613427993
2022-01-12,0.3586934596
2022-01-13,0.3708996368
2022-01-14,0.3747993508
2022-01-18,0.385107417
2022-01-19,0.389207853
2022-01-20,0.392375552
2022-01-21,0.4109673503
2022-01-24,0.4089091357
2022-01-25,0.418014823
2022-01-26,0.4164406647
2022-01-27,0.4059625431
2022-01-28,0.4220060983
2022-01-31,0.4480581813
2022-02-01,0.4486339082
2022-02-02,0.4268212455
2022-02-03,0.4214641019
2022-02-04,0.3944427364
2022-02-07,0.3936134688
2022-02-08,0.3927089091
2022-02-09,0.3939424216
2022-02-10,0.3963571015
2022-02-11,0.4071977727
2022-02-14,0.4088165902
2022-02-15,0.409736269
2022-02-16,0.4101485864
2022-02-17,0.4209644464
2022-02-18,0.4203631206
2022-02-22,0.4190027386
2022-02-23,0.4243481793
2022-02-24,0.43910089
2022-02-25,0.4400708874
2022-02-28,0.4377888311
2022-03-01,0.4384575705
2022-03-02,0.4385793604
2022-03-03,0.4411510116
2022-03-04,0.4424215866
2022-03-07,0.4534377741
2022-03-08,0.4520589096
2022-03-09,0.4623885455
2022-03-10,0.4563968227
2022-03-11,0.4611149286
2022-03-14,0.4638006057
2022-03-15,0.4719040564
2022-03-16,0.4819515865
2022-03-17,0.4837977161
2022-03-18,0.4888736958
2022-03-21,0.4853754812
2022-03-22,0.4868175805
2022-03-23,0.4892299516
2022-03-24,0.4876505411
2022-03-25,0.4878715612
2022-03-28,0.4885786478
2022-03-29,0.4861173419
2022-03-30,0.487738696
2022-03-31,0.4897153324
2022-04-01,0.4897694796
2022-04-04,0.4934847493
2022-04-05,0.4955823219
2022-04-06,0.5009664731
2022-04-07,0.5014327783
2022-04-08,0.5027506081
2022-04-11,0.5062919366
2022-04-12,0.5069463826
2022-04-13,0.5084219261
2022-04-14,0.5113014676
2022-04-18,0.5126728108
2022-04-19,0.5138986693
2022-04-20,0.4979349663
2022-04-21,0.4977426308
2022-04-22,0.4968535432
2022-04-25,0.4984467757
2022-04-26,0.5099335038
2022-04-27,0.5135759919
2022-04-28,0.520085803
2022-04-29,0.5131709326
2022-05-02,0.5168292126
2022-05-03,0.5230499577
2022-05-04,0.5272848972
2022-05-05,0.5393756172
2022-05-06,0.5446860728
2022-05-09,0.5511329673
2022-05-10,0.5538776579
2022-05-11,0.5645223086
2022-05-12,0.565164009
2022-05-13,0.5739809312
2022-05-16,0.5744259659
2022-05-17,0.5774376557
2022-05-18,0.5857541954
2022-05-19,0.5858230871
2022-05-20,0.5861334665
2022-05-23,0.5871141428
2022-05-24,0.5916152942
2022-05-25,0.5932147199
2022-05-26,0.5968802815
2022-05-27,0.6003175396
2022-05-31,0.5981316179
2022-06-01,0.597632408
2022-06-02,0.6023035002
2022-06-03,0.6048001209
2022-06-06,0.604859228
2022-06-07,0.6055421968
2022-06-08,0.6033850521
2022-06-09,0.605147029
2022-06-10,0.6090949851
2022-06-13,0.616658384
2022-06-14,0.6182172548
2022-06-15,0.6236402959
2022-06-16,0.6266726455
2022-06-17,0.6272248024
2022-06-21,0.6220837687
2022-06-22,0.6218586993
2022-06-23,0.6197434927
2022-06-24,0.6259712474
2022-06-27,0.6260483998
2022-06-28,0.6303297652
2022-06-29,0.6295031981
2022-06-30,0.6297905457
2022-07-01,0.6275717708
2022-07-05,0.6298119038
2022-07-06,0.6347976933
2022-07-07,0.6365559032
2022-07-08,0.6346716654
2022-07-11,0.6389363824
2022-07-12,0.6388858087
2022-07-13,0.6380064572
2022-07-14,0.6369710927
2022-07-15,0.6384586738
2022-07-18,0.6358106393
2022-07-19,0.6387463555
2022-07-20,0.6383069926
2022-07-21,0.6372608282
2022-07-22,0.635373219
2022-07-25,0.6362969948
2022-07-26,0.6383708231
2022-07-27,0.6435680417
2022-07-28,0.642806966
2022-07-29,0.6473990237
2022-08-01,0.6469955773
2022-08-02,0.6428903462
2022-08-03,0.6452622148
2022-08-04,0.657749625
2022-08-05,0.6723538974
2022-08-08,0.680033281
2022-08-09,0.6822557252
2022-08-10,0.6867366907
2022-08-11,0.6878733246
2022-08-12,0.6886657512
2022-08-15,0.6857565196
2022-08-16,0.6856324484
2022-08-17,0.6878219656
2022-08-18,0.6882671592
2022-08-19,0.6874740212
2022-08-22,0.6900570273
2022-08-23,0.6894293751
2022-08-24,0.6883975671
2022-08-25,0.6836998122
2022-08-26,0.6856141983
2022-08-29,0.6872793356
2022-08-30,0.6873738712
2022-08-31,0.6859526303
2022-09-01,0.6803630632
2022-09-02,0.6804269372
2022-09-06,0.6765887454
2022-09-07,0.6786447871
2022-09-08,0.6752822624
2022-09-09,0.6812441831
2022-09-12,0.6800641059
2022-09-13,0.6873233911
2022-09-14,0.6844934925
2022-09-15,0.6782715946
2022-09-16,0.6760322019
2022-09-19,0.6748615006
2022-09-20,0.6754973702
2022-09-21,0.6759924955
2022-09-22,0.6737188283
2022-09-23,0.6774467317
2022-09-26,0.6768765463
2022-09-27,0.6775385544
2022-09-28,0.6794841119
2022-09-29,0.6809402931
2022-09-30,0.6805228362
2022-10-03,0.6724131237
2022-10-04,0.6699466476
2022-10-05,0.668877013
2022-10-06,0.6665867172
2022-10-07,0.6710191025
2022-10-10,0.6699673701
2022-10-11,0.668529697
2022-10-12,0.6685032417
2022-10-13,0.6680631702
2022-10-14,0.6678905464
2022-10-17,0.6750630116
2022-10-18,0.6728931095
2022-10-19,0.6986405797
2022-10-20,0.699005095
2022-10-21,0.6983327106
2022-10-24,0.6995563068
2022-10-25,0.6968988595
2022-10-26,0.686254205
2022-10-27,0.6599679493
2022-10-28,0.6559422719
2022-10-31,0.6543191094
2022-11-01,0.6492249688
2022-11-02,0.6509563624
2022-11-03,0.638206162
2022-11-04,0.6320921152
2022-11-07,0.6214219996
2022-11-08,0.6200895172
2022-11-09,0.6120819499
2022-11-10,0.6343148246
2022-11-11,0.6299794333
2022-11-14,0.6291580943
2022-11-15,0.6284920482
2022-11-16,0.6202733751
2022-11-17,0.6215441788
2022-11-18,0.6240905541
2022-11-21,0.6239875483
2022-11-22,0.6179428193
2022-11-23,0.616721901
2022-11-25,0.6140186056
2022-11-28,0.6111085799
2022-11-29,0.6127442952
2022-11-30,0.6262989829
2022-12-01,0.6198879584
2022-12-02,0.6162639853
2022-12-05,0.6169380109
2022-12-06,0.6189689064
2022-12-07,0.618517977
2022-12-08,0.6139339942
2022-12-09,0.6077023802
2022-12-12,0.5928595466
2022-12-13,0.5911558731
2022-12-14,0.5850983269
2022-12-15,0.579206267
2022-12-16,0.5767623923
2022-12-19,0.5856064275
2022-12-20,0.5825979393
2022-12-21,0.5839284291
2022-12-22,0.5772156
2022-12-23,0.5760832073
2022-12-27,0.5711759207
2022-12-28,0.5706496963
2022-12-29,0.5750630069
2022-12-30,0.5782587893
2023-01-03,0.5649765871
2023-01-04,0.5640137408
2023-01-05,0.5618292066
2023-01-06,0.5643382615
2023-01-09,0.5573583825
2023-01-10,0.5577422071
2023-01-11,0.5566581054
2023-01-12,0.5571346534
2023-01-13,0.5555405984
2023-01-17,0.5512452584
2023-01-18,0.5458818549
2023-01-19,0.5412214199
2023-01-20,0.5494926738
2023-01-23,0.5522224425
2023-01-24,0.550941153
2023-01-25,0.5465731825
2023-01-26,0.5335252744
2023-01-27,0.5352476769
2023-01-30,0.5471316002
2023-01-31,0.5479948606
2023-02-01,0.5508315174
2023-02-02,0.5476009253
2023-02-03,0.5431728448
2023-02-06,0.5417565901
2023-02-07,0.544065974
2023-02-08,0.5363788596
2023-02-09,0.5277094802
2023-02-10,0.5281544521
2023-02-13,0.525718979
2023-02-14,0.52438027
2023-02-15,0.5236428862
2023-02-16,0.525448259
2023-02-17,0.524353587
2023-02-21,0.5244030173
2023-02-22,0.5207571575
2023-02-23,0.5090151305
2023-02-24,0.5101799836
2023-02-27,0.5088901085
2023-02-28,0.5018049632
2023-03-01,0.5018801695
2023-03-02,0.4990022171
2023-03-03,0.5022764881
2023-03-06,0.5070890387
2023-03-07,0.5064821168
2023-03-08,0.5059774245
2023-03-09,0.5068696542
2023-03-10,0.5076239508
2023-03-13,0.5045360586
2023-03-14,0.507986527
2023-03-15,0.4916368803
2023-03-16,0.4951713422
2023-03-17,0.4973261518
2023-03-20,0.4981574889
2023-03-21,0.498199841
2023-03-22,0.4984604825
2023-03-23,0.4960601399
2023-03-24,0.4969363525
2023-03-27,0.4944039614
2023-03-28,0.4957268218
2023-03-29,0.4970845718
2023-03-30,0.4941911909
2023-03-31,0.4905716954
2023-04-03,0.4887692947
2023-04-04,0.4932185234
2023-04-05,0.4934903707
2023-04-06,0.4918079909
2023-04-10,0.4913989351
2023-04-11,0.4815336243
2023-04-12,0.4839246546
2023-04-13,0.483776656
2023-04-14,0.4838292614
2023-04-17,0.4825404645
2023-04-18,0.47704238
2023-04-19,0.4644541744
2023-04-20,0.4633481033
2023-04-21,0.4753120103
2023-04-24,0.4761741433
2023-04-25,0.4799667439
2023-04-26,0.4791841038
2023-04-27,0.4778021877
2023-04-28,0.4832858725
2023-05-01,0.501303054
2023-05-02,0.5118044896
2023-05-03,0.5111638076
2023-05-04,0.5146710739
2023-05-05,0.5057776401
2023-05-08,0.5067687739
2023-05-09,0.5123330939
2023-05-10,0.5145994419
2023-05-11,0.5140125411
2023-05-12,0.5168429779
2023-05-15,0.4791262172
2023-05-16,0.4749851176
2023-05-17,0.4791724772
2023-05-18,0.4781731792
2023-05-19,0.4762328739
2023-05-22,0.4726074562
2023-05-23,0.4727663723
2023-05-24,0.4686677615
2023-05-25,0.4393366929
2023-05-26,0.4422447155
2023-05-30,0.4405983175
2023-05-31,0.438818988
2023-06-01,0.4398736271
2023-06-02,0.4161671902
2023-06-05,0.4172751524
2023-06-06,0.4175702059
2023-06-07,0.4141143783
2023-06-08,0.4085651449
2023-06-09,0.4081298144
2023-06-12,0.4109488715
2023-06-13,0.4128342812
2023-06-14,0.4144606871
2023-06-15,0.4155861741
2023-06-16,0.4148186904
2023-06-20,0.4055579224
2023-06-21,0.4098758213
2023-06-22,0.4054230979
2023-06-23,0.4081420169
2023-06-26,0.4151830753
2023-06-27,0.4086705673
2023-06-28,0.4081412299
2023-06-29,0.3978871453
2023-06-30,0.3991478254
2023-07-03,0.3886828056
2023-07-05,0.3884569509
2023-07-06,0.4002881992
2023-07-07,0.4026438458
2023-07-10,0.3998155344
2023-07-11,0.397314457
2023-07-12,0.3989673199
2023-07-13,0.4011809662
2023-07-14,0.4040014588
2023-07-17,0.4035015094
2023-07-18,0.4014097627
2023-07-19,0.4061691624
2023-07-20,0.4225665083
2023-07-21,0.4257662362
2023-07-24,0.4130167301
2023-07-25,0.4076947298
2023-07-26,0.4026104477
2023-07-27,0.4014123188
2023-07-28,0.4058449768
2023-07-31,0.4047294635
2023-08-01,0.3960139083
2023-08-02,0.4019612289
2023-08-03,0.3967335234
2023-08-04,0.3831752322
2023-08-07,0.3863498627
2023-08-08,0.3880765943
2023-08-09,0.393568405
2023-08-10,0.4018697065
2023-08-11,0.4062878962
2023-08-14,0.400929349
2023-08-15,0.4032767921
2023-08-16,0.4091205545
2023-08-17,0.4112028311
2023-08-18,0.4027443496
2023-08-21,0.4065932883
2023-08-22,0.3983003274
2023-08-23,0.4016723416
2023-08-24,0.41925302
2023-08-25,0.4130816147
2023-08-28,0.4143911887
2023-08-29,0.4217375721
2023-08-30,0.4194607903
2023-08-31,0.4226535224
2023-09-01,0.418558352
2023-09-05,0.4176315568
2023-09-06,0.4182537654
2023-09-07,0.4189538524
2023-09-08,0.4104220593
2023-09-11,0.4053283987
2023-09-12,0.408815219
2023-09-13,0.3974704363
2023-09-14,0.3958471674
2023-09-15,0.3908390115
2023-09-18,0.3923337054
2023-09-19,0.3926619156
2023-09-20,0.3953822457
2023-09-21,0.39753163
2023-09-22,0.3982955494
2023-09-25,0.4002082699
2023-09-26,0.4027423104
2023-09-27,0.4003066033
2023-09-28,0.3979414195
2023-09-29,0.3970219699
2023-10-02,0.3952742834
2023-10-03,0.402030832
2023-10-04,0.4039090837
2023-10-05,0.400882058
2023-10-06,0.4055085958
2023-10-09,0.4060972238
2023-10-10,0.4039047386
2023-10-11,0.3994603617
2023-10-12,0.395226268
2023-10-13,0.4016024611
2023-10-16,0.404440691
2023-10-17,0.404481672
2023-10-18,0.4142753007
2023-10-19,0.3796885015
2023-10-20,0.383739388
2023-10-23,0.384538931
2023-10-24,0.3794559081
2023-10-25,0.3883630683
2023-10-26,0.4004767359
2023-10-27,0.3979974462
2023-10-30,0.3979032395
2023-10-31,0.3975878085
2023-11-01,0.4023618629
2023-11-02,0.4021757944
2023-11-03,0.402938761
2023-11-06,0.4028440047
2023-11-07,0.4028888972
2023-11-08,0.4051590505
2023-11-09,0.4054048184
2023-11-10,0.4088747227
2023-11-13,0.409202327
2023-11-14,0.4131513226
2023-11-15,0.407597854
2023-11-16,0.3997481538
2023-11-17,0.3991436608
2023-11-20,0.4020954569
2023-11-21,0.3993703329
2023-11-22,0.3987819018
2023-11-24,0.4392367729
2023-11-27,0.4300780439
2023-11-28,0.4287296994
2023-11-29,0.4327829819
2023-11-30,0.4318712313
2023-12-01,0.4329444819
2023-12-04,0.4370594731
2023-12-05,0.4378651681
2023-12-06,0.4388098469
2023-12-07,0.4390454605
2023-12-08,0.4383884945
2023-12-11,0.4360136371
2023-12-12,0.4345497331
2023-12-13,0.4370682241
2023-12-14,0.4358567248
2023-12-15,0.436906617
2023-12-18,0.4404160164
2023-12-19,0.4358913567
2023-12-20,0.4364887683
2023-12-21,0.4389851796
2023-12-22,0.4293392107
2023-12-26,0.4287752278
2023-12-27,0.4305145717
2023-12-28,0.4300976888
2023-12-29,0.4280971446
2024-01-02,0.4336841634
2024-01-03,0.434036995
2024-01-04,0.4296836376
2024-01-05,0.429383169
2024-01-08,0.4354860595
2024-01-09,0.433995169
2024-01-10,0.430794427
2024-01-11,0.4248178484
2024-01-12,0.4247776178
2024-01-16,0.4229733144
2024-01-17,0.4255326154
2024-01-18,0.4274260888
2024-01-19,0.3997554771
2024-01-22,0.4000627977
2024-01-23,0.4022625034
2024-01-24,0.4018504759
2024-01-25,0.3994596936
2024-01-26,0.4058108854
2024-01-29,0.3999618801
2024-01-30,0.4027755445
2024-01-31,0.4018908057
2024-02-01,0.3949025486
2024-02-02,0.3579587205
2024-02-05,0.3659276997
2024-02-06,0.3639543201
2024-02-07,0.3645453412
2024-02-08,0.3586777446
2024-02-09,0.3594043906
2024-02-12,0.3595173431
2024-02-13,0.3633186775
2024-02-14,0.3657111126
2024-02-15,0.3563017575
2024-02-16,0.356313612
2024-02-20,0.3568039848
2024-02-21,0.3530469739
2024-02-22,0.3498325397
2024-02-23,0.3462088372
2024-02-26,0.3340487032
2024-02-27,0.3354124252
2024-02-28,0.3354740424
2024-02-29,0.3265959739
2024-03-01,0.3268644527
2024-03-04,0.3256946153
2024-03-05,0.3286587062
2024-03-06,0.3278162965
2024-03-07,0.3305844179
2024-03-08,0.3311834124
2024-03-11,0.3280934276
2024-03-12,0.329038061
2024-03-13,0.325122842
2024-03-14,0.326083899
2024-03-15,0.3282324744
2024-03-18,0.3289858511
2024-03-19,0.3289028786
2024-03-20,0.3311692141
2024-03-21,0.3254475745
2024-03-22,0.3202348599
2024-03-25,0.3200894596
2024-03-26,0.3176436549
2024-03-27,0.3148064807
2024-03-28,0.3160820663
2024-04-01,0.3151822124
2024-04-02,0.3164354865
2024-04-03,0.3146568814
2024-04-04,0.3105536888
2024-04-05,0.3078771007
2024-04-08,0.3052492331
2024-04-09,0.3010303009
2024-04-10,0.3010010944
2024-04-11,0.3050598603
2024-04-12,0.3099995571
2024-04-15,0.3177659022
2024-04-16,0.3114591465
2024-04-17,0.3099541691
2024-04-18,0.3108761823
2024-04-19,0.3185378151
2024-04-22,0.3514524947
2024-04-23,0.3523794411
2024-04-24,0.3382865558
2024-04-25,0.3212188176
2024-04-26,0.3019715819
