regimen,activo,NVDA,AMZN,TSLA,META,NFLX,GOOGL
Tendencia,NVDA,1,0.5152578255,0.35811347,0.4317442783,0.4180526172,0.4890761732
Tendencia,AMZN,0.5152578255,1,0.3838482337,0.598444959,0.549839815,0.6392120406
Tendencia,TSLA,0.35811347,0.3838482337,1,0.2780804018,0.3206398396,0.3437736846
Tendencia,META,0.4317442783,0.598444959,0.2780804018,1,0.44353687,0.5422346798
Tendencia,NFLX,0.4180526172,0.549839815,0.3206398396,0.44353687,1,0.4809385787
Tendencia,GOOGL,0.4890761732,0.6392120406,0.3437736846,0.5422346798,0.4809385787,1
Reversión,NVDA,1,0.4706834325,0.3647789924,0.4407506097,0.3382481906,0.4674925316
Reversión,AMZN,0.4706834325,1,0.335717851,0.5988974349,0.4100108029,0.5789079904
Reversión,TSLA,0.3647789924,0.335717851,1,0.2920870886,0.2336471107,0.2801016749
Reversión,META,0.4407506097,0.5988974349,0.2920870886,1,0.3605737712,0.6252006774
Reversión,NFLX,0.3382481906,0.4100108029,0.2336471107,0.3605737712,1,0.3165342127
Reversión,GOOGL,0.4674925316,0.5789079904,0.2801016749,0.6252006774,0.3165342127,1
Crisis,NVDA,1,0.629287964,0.5287818625,0.5859597145,0.545675009,0.7012056724
Crisis,AMZN,0.629287964,1,0.4480312487,0.6177842327,0.6278653283,0.7138495907
Crisis,TSLA,0.5287818625,0.4480312487,1,0.3873821706,0.4462833547,0.4587908306
Crisis,META,0.5859597145,0.6177842327,0.3873821706,1,0.5626710123,0.7267543472
Crisis,NFLX,0.545675009,0.6278653283,0.4462833547,0.5626710123,1,0.5587585157
Crisis,GOOGL,0.7012056724,0.7138495907,0.4587908306,0.7267543472,0.5587585157,1
