comision,retorno_total,cagr,sharpe,mdd,calmar,pnl_neto,n_operaciones,turnover_anual,costos_totales,pnl_bruto
0,0.0541406794,0.006371517329,0.1434556065,0.1454881764,0.04379405589,54140.6794,624,5.277967755,0,54140.6794
0.00025,0.03126072176,0.003714855299,0.09517810872,0.1480188221,0.02509718188,31260.72176,624,5.277118555,21837.29563,53098.01739
0.0005,0.008885469751,0.001066174565,0.04695329059,0.1505411203,0.007082281328,8885.469751,624,5.276269687,43185.26465,52070.7344
0.00075,-0.01299638759,-0.001574551658,-0.001214696088,0.1530551013,-0.01028748238,-12996.38759,624,5.275421152,64054.9344,51058.54681
0.001,-0.03439590375,-0.004207350054,-0.04932172937,0.1555607953,-0.02704633932,-34395.90375,624,5.274572948,84457.08072,50061.17697
0.00125,-0.05532388073,-0.006832247211,-0.09736371891,0.1580582324,-0.04322613955,-55323.88073,624,5.273725075,104402.2338,49078.35305
0.0015,-0.07579087482,-0.009449269616,-0.1453366076,0.1605474425,-0.05885655647,-75790.87482,624,5.272877534,123900.6837,48109.80891
0.00175,-0.09580720232,-0.01205844366,-0.1932363732,0.166837813,-0.07227644287,-95807.20232,624,5.272030324,142962.4863,47155.28397
0.002,-0.115382945,-0.01465979564,-0.2410590298,0.17453819,-0.08399190824,-115382.945,624,5.271183445,161597.4681,46214.52311
0.00225,-0.1345279557,-0.01725335174,-0.2888006294,0.1821750528,-0.0947075435,-134527.9557,624,5.270336897,179815.2322,45287.27652
0.0025,-0.1532518632,-0.01983913807,-0.3364572635,0.1968632001,-0.1007762652,-153251.8632,624,5.269490679,197625.1628,44373.2996
0.00275,-0.1715640781,-0.02241718063,-0.3840250643,0.212043961,-0.1057194957,-171564.0781,624,5.268644792,215036.4309,43472.35283
0.003,-0.1894737969,-0.02498750533,-0.4315002065,0.2269323997,-0.1101099066,-189473.7969,624,5.267799234,232057.9985,42584.20168
0.00325,-0.2069900078,-0.02755013798,-0.478878908,0.2415342482,-0.1140630705,-206990.0078,624,5.266954007,248698.6243,41708.61649
0.0035,-0.224121495,-0.03010510429,-0.5261574321,0.2558551239,-0.1176646527,-224121.495,624,5.266109109,264966.8674,40845.37234
0.00375,-0.2408768437,-0.03265242989,-0.5733320881,0.2699005324,-0.1209794942,-240876.8437,624,5.265264541,280871.0927,39994.249
0.004,-0.2572644443,-0.0351921403,-0.6203992325,0.2836758693,-0.1240575746,-257264.4443,624,5.264420302,296419.475,39155.03075
0.00425,-0.2732924972,-0.03772426097,-0.6673552709,0.2971864227,-0.1269380365,-273292.4972,624,5.263576393,311620.0036,38327.50636
0.0045,-0.2889690172,-0.04024881722,-0.7141966584,0.3104373752,-0.1296519699,-288969.0172,624,5.262732812,326480.4862,37511.46892
0.00475,-0.3043018375,-0.0427658343,-0.7609199008,0.3234338063,-0.1322243794,-304301.8375,624,5.26188956,341008.5533,36706.71582
0.005,-0.319298614,-0.04527533737,-0.8075215562,0.3364667598,-0.1345611002,-319298.614,624,5.261046637,355211.6626,35913.04858
