date,por_activo,compartido,anclado_por_activo
2016-01-04,1000000,1000000,1000000
2016-01-05,993206.1906,991548.8017,993206.1906
2016-01-06,1004094.409,1003804.105,1004094.409
2016-01-07,1004094.409,989018.2154,1004094.409
2016-01-08,995113.9313,971138.2162,995113.9313
2016-01-11,997539.6872,970444.2464,997539.6872
2016-01-12,1001211.481,975002.5368,1001211.481
2016-01-13,990325.6812,940545.4163,990325.6812
2016-01-14,989767.3419,942723.8204,989767.3419
2016-01-15,980276.2095,926836.0099,980276.2095
2016-01-19,984972.6048,933912.1825,984972.6048
2016-01-20,977408.4067,916528.7632,977408.4067
2016-01-21,981894.0516,918582.1769,981894.0516
2016-01-22,989902.5331,929619.0038,989902.5331
2016-01-25,988075.6322,927939.8081,988075.6322
2016-01-26,987674.0062,927854.7089,987674.0062
2016-01-27,986850.1119,925081.665,986850.1119
2016-01-28,988411.4967,932400.1553,988411.4967
2016-01-29,989074.7773,932229.1389,989074.7773
2016-02-01,989553.565,932376.6122,989553.565
2016-02-02,990068.9428,931945.331,990068.9428
2016-02-03,988466.3838,932183.5187,988466.3838
2016-02-04,988252.7891,932183.5187,987482.9014
2016-02-05,985498.4325,932183.5187,987206.5612
2016-02-08,984317.2822,932183.5187,987206.5612
2016-02-09,984317.2822,932183.5187,987206.5612
2016-02-10,984317.2822,932183.5187,987206.5612
2016-02-11,984317.2822,932183.5187,987206.5612
2016-02-12,984317.2822,932183.5187,987206.5612
2016-02-16,984317.2822,932183.5187,987206.5612
2016-02-17,984317.2822,932183.5187,987206.5612
2016-02-18,984317.2822,932183.5187,987206.5612
2016-02-19,984317.2822,932183.5187,987206.5612
2016-02-22,984317.2822,932183.5187,987206.5612
2016-02-23,981321.2797,929936.9235,984201.7644
2016-02-24,979028.2532,928597.815,981902.0072
2016-02-25,974438.6174,928171.7757,977298.8994
2016-02-26,974359.276,929449.9831,977219.3251
2016-02-29,974900.8765,930702.354,977412.577
2016-03-01,968674.5338,923915.0494,971752.9466
2016-03-02,969991.0749,923915.0494,969941.0992
2016-03-03,968083.9516,923915.0494,967135.1328
2016-03-04,959992.7816,923915.0494,965026.8154
2016-03-07,971424.7129,923915.0494,961790.997
2016-03-08,972049.7021,923915.0494,963255.6499
2016-03-09,964537.2069,923915.0494,960531.6902
2016-03-10,962218.1374,923915.0494,962229.7297
2016-03-11,956760.5474,923915.0494,960108.3774
2016-03-14,950789.8608,923915.0494,956494.6469
2016-03-15,948859.8889,923915.0494,955372.2015
2016-03-16,946477.6963,923915.0494,951842.1867
2016-03-17,946576.6136,923915.0494,950389.3573
2016-03-18,945089.3485,923915.0494,945548.8015
2016-03-21,941475.4084,923915.0494,942830.0794
2016-03-22,941672.7162,923966.5695,944791.8716
2016-03-23,940734.3185,924665.6287,948904.1499
2016-03-24,939182.3718,924782.1994,946470.0366
2016-03-28,937119.4066,924701.5903,943900.2267
2016-03-29,928736.4608,921349.9903,942786.7719
2016-03-30,928680.3248,922050.5152,942550.2223
2016-03-31,929980.3936,922710.9423,942967.6525
2016-04-01,925344.5103,918618.062,941414.4737
2016-04-04,929386.3123,920422.0208,942058.606
2016-04-05,931824.1481,918173.8645,941978.9892
2016-04-06,927657.0397,916462.0736,941615.4011
2016-04-07,931614.9451,916352.977,941741.5286
2016-04-08,932192.8664,918135.1915,942720.1474
2016-04-11,929061.5439,918517.5823,942468.7417
2016-04-12,929794.6952,917956.6002,941703.6989
2016-04-13,926718.8524,916640.8315,940880.3269
2016-04-14,926690.2736,916219.4906,940823.4141
2016-04-15,925341.5095,915043.3891,940191.5821
2016-04-18,926267.5274,915680.1776,940720.3761
2016-04-19,930684.4476,920795.5397,944002.0066
2016-04-20,931172.4775,921214.3496,943840.4029
2016-04-21,930489.4124,920559.1654,944137.5991
2016-04-22,931960.711,921890.7527,943651.2091
2016-04-25,930936.543,921418.8284,943412.0855
2016-04-26,930982.658,919634.3561,943282.8265
2016-04-27,931187.3329,918090.7653,943540.7688
2016-04-28,931483.4947,917019.2576,945590.329
2016-04-29,930381.4596,915960.938,944803.593
2016-05-02,930671.9261,916229.1384,945368.6599
2016-05-03,930671.9261,916345.4469,944541.7098
2016-05-04,930671.9261,917072.0513,944965.1015
2016-05-05,930671.9261,917361.1303,945206.9776
2016-05-06,930671.9261,918267.3456,947293.2976
2016-05-09,930671.9261,918609.242,946458.1307
2016-05-10,930671.9261,919496.4115,947661.1961
2016-05-11,931889.3422,918732.1293,946139.2163
2016-05-12,932550.3357,918517.4866,945489.1762
2016-05-13,933046.958,918237.0537,944488.5369
2016-05-16,930760.5371,918710.497,943467.9406
2016-05-17,931262.4341,917835.4469,937565.066
2016-05-18,929282.6214,917973.0601,940615.8748
2016-05-19,928669.7328,917413.0744,940626.3969
2016-05-20,927816.2898,917967.0137,945526.7776
2016-05-23,927646.5598,917580.9795,941964.3515
2016-05-24,926238.6295,918946.7854,945557.1005
2016-05-25,924259.0419,919385.617,945921.8654
2016-05-26,923699.9763,919284.3487,945919.2809
2016-05-27,921408.6705,920207.8831,948843.1133
2016-05-31,921072.0712,920316.071,948564.9995
2016-06-01,921766.8996,920282.306,949788.7729
2016-06-02,922783.6157,919919.6506,950699.2247
2016-06-03,924420.979,919191.7466,954765.3334
2016-06-06,923536.9165,918689.7247,955432.9898
2016-06-07,924190.3502,918778.887,956035.7248
2016-06-08,925369.4787,919803.6764,952132.8609
2016-06-09,927129.0589,919768.1914,952191.061
2016-06-10,932383.8065,918960.658,955562.4297
2016-06-13,930722.4721,918847.2569,956117.3207
2016-06-14,931394.8563,919595.2106,956113.4738
2016-06-15,930383.4196,919209.279,956436.0862
2016-06-16,929085.0145,918340.3571,958394.0969
2016-06-17,929662.3592,915187.2473,953902.2306
2016-06-20,929394.7381,915490.0671,954607.1979
2016-06-21,933023.9754,916363.9319,956087.4239
2016-06-22,932736.861,915957.2888,955993.1799
2016-06-23,932448.6929,916969.5847,957959.473
2016-06-24,931605.9075,914181.2526,949958.9006
2016-06-27,928654.1454,912224.7113,946945.2047
2016-06-28,935538.0956,915393.0379,952610.386
2016-06-29,942375.3033,916831.7838,954045.1228
2016-06-30,943716.0042,916509.7328,954045.1228
2016-07-01,949461.4493,918194.716,954045.1228
2016-07-05,949157.0422,917697.2647,954045.1228
2016-07-06,950542.1769,920615.5272,954045.1228
2016-07-07,952061.1168,919709.0826,954045.1228
2016-07-08,954025.9649,922199.5157,954045.1228
2016-07-11,953156.7507,922862.6094,953488.7784
2016-07-12,952665.9941,922571.7787,953493.3952
2016-07-13,953058.1333,921907.9082,953515.4496
2016-07-14,951961.8611,921646.9127,952919.9382
2016-07-15,952209.7455,921493.1794,953603.6672
2016-07-18,951880.0743,923440.5083,953305.9275
2016-07-19,950168.7163,921832.6877,951830.7456
2016-07-20,948846.3274,919867.7923,950346.795
2016-07-21,949637.0095,921162.6356,951967.5867
2016-07-22,947072.9501,918070.1268,949423.6968
2016-07-25,948146.8683,918387.2785,948651.3093
2016-07-26,949571.1281,919865.2558,947929.0414
2016-07-27,949523.7465,918254.5117,948065.0719
2016-07-28,946650.06,914751.073,947196.0042
2016-07-29,944941.6972,914051.3088,939913.1123
2016-08-01,944069.8237,914194.4303,940277.6723
2016-08-02,945177.0128,915625.0897,940772.6752
2016-08-03,945635.3242,916047.1662,941136.4666
2016-08-04,943518.6278,914433.1429,939844.6014
2016-08-05,942545.7041,913854.0202,937666.3532
2016-08-08,940845.0526,912213.4443,937247.3023
2016-08-09,939714.8715,910994.8652,936778.7001
2016-08-10,939905.6251,911040.356,937045.5321
2016-08-11,939441.1421,911715.6425,935716.7466
2016-08-12,937837.2393,910669.983,933486.1258
2016-08-15,937279.1348,911463.9358,933888.1032
2016-08-16,937397.2054,912267.7159,934822.5556
2016-08-17,938751.4098,912455.3426,935181.6216
2016-08-18,938142.8091,912197.8184,934922.5398
2016-08-19,937951.2233,912780.8065,935600.9063
2016-08-22,937530.4357,912202.0705,935555.8706
2016-08-23,937218.0204,911476.2601,935114.5449
2016-08-24,937414.4078,912343.8693,936258.1177
2016-08-25,937109.52,912423.1871,936305.4102
2016-08-26,937320.0664,910780.3429,935478.1526
2016-08-29,936036.8169,909724.2867,934706.0149
2016-08-30,935291.6249,908866.0667,934356.935
2016-08-31,935147.7842,908805.6138,934390.6789
2016-09-01,934075.841,907736.5817,932079.394
2016-09-02,933832.7607,906936.009,931881.7463
2016-09-06,934578.8538,906647.6521,932424.2087
2016-09-07,933805.2795,906943.4091,932756.8605
2016-09-08,932795.2407,906263.3918,931583.7793
2016-09-09,932399.26,910512.4479,932035.1506
2016-09-12,935434.2893,910723.169,934576.1897
2016-09-13,933617.0706,911670.9235,932803.3588
2016-09-14,934207.1295,911577.3662,933175.9368
2016-09-15,938164.659,912617.1514,934966.6196
2016-09-16,938560.6101,912232.3846,934863.3387
2016-09-19,938937.3587,913891.1611,935577.6279
2016-09-20,938680.1563,913355.8678,935821.8084
2016-09-21,938767.9061,913279.2017,936113.8379
2016-09-22,939036.1819,912556.987,936721.241
2016-09-23,939072.1365,913220.7134,936666.1775
2016-09-26,938930.9787,914075.9482,935981.4551
2016-09-27,938892.9854,912446.4931,937465.9737
2016-09-28,939028.0892,912161.62,937295.643
2016-09-29,937696.7374,912011.6637,938494.3075
2016-09-30,938759.3963,911472.8305,937609.9232
2016-10-03,941805.841,912686.0771,934607.7129
2016-10-04,942329.6051,913551.465,935667.0943
2016-10-05,942713.2241,911876.3326,935967.9595
2016-10-06,944798.2392,914249.9915,938350.7784
2016-10-07,946186.8204,915935.4621,939589.5259
2016-10-10,945195.6893,914122.6707,938979.8513
2016-10-11,946453.2371,916088.2184,939452.8238
2016-10-12,946299.6881,915484.5445,939027.957
2016-10-13,946493.8099,916348.0613,939459.7412
2016-10-14,947264.3462,917105.0781,940567.7443
2016-10-17,948349.2785,918765.3944,941430.0469
2016-10-18,943145.2964,912846.7514,940757.945
2016-10-19,941084.4639,910745.037,938793.3022
2016-10-20,942338.5854,910723.1445,939903.5278
2016-10-21,941404.8157,910405.1188,938809.3156
2016-10-24,939982.3922,909484.2956,937754.2546
2016-10-25,940467.5361,909823.6506,938380.72
2016-10-26,940703.7938,910443.9658,938800.916
2016-10-27,940559.7454,911869.1671,936678.6402
2016-10-28,941550.1792,910065.3113,936064.3666
2016-10-31,943845.1052,911421.1835,937290.4901
2016-11-01,947178.0192,912371.1312,937635.1224
2016-11-02,945728.8783,910066.8515,936207.367
2016-11-03,945721.7348,911790.8603,937779.0304
2016-11-04,946818.1593,912084.9106,938017.7764
2016-11-07,950259.6596,917256.4508,945362.6935
2016-11-08,953206.3559,922000.3527,949568.0454
2016-11-09,949997.9901,918080.7315,945551.1279
2016-11-10,944073.4707,903514.1986,935685.3634
2016-11-11,942465.8305,900610.7837,932585.522
2016-11-14,936582.0679,890288.9304,927988.2731
2016-11-15,938567.9643,898938.2332,930335.8773
2016-11-16,937578.7268,898447.1844,928247.8788
2016-11-17,939950.1235,902667.2681,930121.3456
2016-11-18,938320.7632,899681.0939,928326.4301
2016-11-21,944954.0787,909749.3331,934470.6992
2016-11-22,946152.8439,910842.863,933964.4061
2016-11-23,945138.5798,908548.412,932732.4071
2016-11-25,945323.6399,908635.4846,932231.957
2016-11-28,944675.3385,907970.1835,932637.5452
2016-11-29,944447.7966,908169.3336,933625.7385
2016-11-30,941297.1631,901774.331,930199.2952
2016-12-01,936614.9798,895387.1613,926808.0604
2016-12-02,938215.2596,896479.8312,926952.5873
2016-12-05,941039.7543,903648.1476,927417.4645
2016-12-06,941978.7126,900906.952,926895.0521
2016-12-07,944720.6102,901974.3992,927444.5577
2016-12-08,945617.5795,902792.2615,928094.5732
2016-12-09,947168.2312,903496.7924,929443.9976
2016-12-12,946601.7552,902687.5507,929921.6872
2016-12-13,948037.4676,902546.5535,929991.5985
2016-12-14,948293.0116,900478.0792,928725.4922
2016-12-15,947962.6923,899163.2053,928242.8688
2016-12-16,947627.3813,899851.2681,926310.9718
2016-12-19,947800.1447,898441.2587,926406.1227
2016-12-20,947975.4942,895673.8008,924643.6113
2016-12-21,947712.0844,895642.8466,924685.0532
2016-12-22,947507.6146,895811.3609,924163.253
2016-12-23,946814.9419,893980.7205,921697.9638
2016-12-27,945857.4328,889985.1718,919529.8025
2016-12-28,946732.1764,892648.0846,919805.5407
2016-12-29,946740.2362,894591.9088,921773.093
2016-12-30,946384.685,896736.2511,921507.6995
2017-01-03,946619.0196,894202.8215,921155.5185
2017-01-04,946199.5396,891712.2274,917036.5767
2017-01-05,945938.481,891715.0268,917473.1275
2017-01-06,945035.9135,889915.3031,918067.8134
2017-01-09,943636.6747,889083.303,918194.669
2017-01-10,944496.0124,889302.4495,918347.3088
2017-01-11,942721.5681,888087.9825,917093.1769
2017-01-12,941059.0441,887718.0528,916711.1653
2017-01-13,937551.4708,886351.5914,915471.4568
2017-01-17,938856.565,886351.5914,915810.2097
2017-01-18,938659.9759,886351.5914,915774.1792
2017-01-19,936496.9477,886351.5914,916040.8545
2017-01-20,936666.55,886351.5914,916408.4429
2017-01-23,936372.0821,886351.5914,915046.203
2017-01-24,935102.9241,886351.5914,914512.2621
2017-01-25,935530.4729,886351.5914,912455.5345
2017-01-26,935722.9829,886351.5914,911060.5342
2017-01-27,935859.0885,886351.5914,911817.9386
2017-01-30,937920.8619,886351.5914,913063.0178
2017-01-31,938406.2248,886351.5914,913276.8035
2017-02-01,938604.2051,886351.5914,912390.5141
2017-02-02,938368.8082,886231.7528,912576.2098
2017-02-03,939712.7759,886634.7876,912691.2117
2017-02-06,938841.735,886301.808,912782.8448
2017-02-07,939227.0744,887104.5006,913250.814
2017-02-08,938898.726,887940.2705,913290.7883
2017-02-09,938342.6594,888505.0261,913301.857
2017-02-10,938342.6594,890167.238,913633.4755
2017-02-13,938342.6594,890736.9602,912412.135
2017-02-14,938709.9173,890713.4954,912110.3241
2017-02-15,938833.2706,891217.7847,912138.7753
2017-02-16,937852.0701,893159.3424,914165.6791
2017-02-17,937840.8458,894209.5129,914885.6089
2017-02-21,939993.8916,896610.9282,915052.8758
2017-02-22,939916.1642,896800.2904,915181.3997
2017-02-23,934376.0184,894709.2945,915159.2671
2017-02-24,932845.9041,900903.1538,917443.7605
2017-02-27,932621.869,899727.0434,919272.4743
2017-02-28,934882.5444,900380.607,918608.3206
2017-03-01,934363.8024,901396.3804,920103.7155
2017-03-02,934807.9823,899291.8916,917588.2536
2017-03-03,934738.3816,899340.8209,917473.505
2017-03-06,935671.7645,898719.7186,917140.1887
2017-03-07,934969.6528,898735.0333,917161.5375
2017-03-08,933508.2344,898407.517,916347.8744
2017-03-09,932696.889,898265.1789,916202.0451
2017-03-10,932671.7686,899241.1945,916610.3412
2017-03-13,935643.6938,900647.5133,920048.4569
2017-03-14,939871.8846,900782.1169,922820.5571
2017-03-15,941008.9843,901370.5333,923398.182
2017-03-16,940873.3013,902096.4556,925942.8263
2017-03-17,941244.5903,902943.341,927126.3749
2017-03-20,940720.06,904209.885,928775.54
2017-03-21,940866.4286,902883.368,923579.4808
2017-03-22,940152.2982,903692.7785,925931.8492
2017-03-23,938785.0874,903325.5428,924682.4791
2017-03-24,937872.2196,903467.936,927011.5317
2017-03-27,939687.6841,903760.2218,930351.1905
2017-03-28,939915.1444,903550.3671,932041.8101
2017-03-29,940176.539,903419.2247,932651.8677
2017-03-30,940322.9611,904191.1529,933452.1245
2017-03-31,939633.7724,904015.0326,933149.9892
2017-04-03,939038.8901,903808.9439,928472.0083
2017-04-04,938424.4946,900961.0541,922959.3719
2017-04-05,937800.2057,900680.0191,923596.8336
2017-04-06,938157.2041,900953.5692,924159.6565
2017-04-07,937687.754,900792.4295,923828.3158
2017-04-10,936503.1329,899833.141,920758.8298
2017-04-11,937273.5158,899964.2979,921178.3905
2017-04-12,937527.326,899660.7721,920990.7987
2017-04-13,937679.7603,898978.7707,920467.0487
2017-04-17,938679.8197,900380.2376,921840.5363
2017-04-18,936987.032,900402.7175,921792.7234
2017-04-19,935705.975,900548.8513,922344.2096
2017-04-20,936163.0482,901140.9222,922506.6072
2017-04-21,937036.4757,901298.2996,923375.9732
2017-04-24,936492.7413,901774.2015,923367.0584
2017-04-25,939096.7666,901946.7773,926581.3702
2017-04-26,939458.3996,901946.7773,925713.7782
2017-04-27,937906.7569,901946.7773,926052.5983
2017-04-28,933761.1737,901946.7773,921377.0501
2017-05-01,930246.8433,901946.7773,920980.9571
2017-05-02,930127.6482,901522.3956,920584.094
2017-05-03,930802.1179,901670.1034,920415.2018
2017-05-04,930615.2343,901089.7862,920784.6044
2017-05-05,931151.4051,903622.1234,921226.685
2017-05-08,930540.4608,902228.7513,920800.7276
2017-05-09,930140.0667,904625.052,920901.0123
2017-05-10,925671.4397,904953.4196,920995.7185
2017-05-11,925244.846,903477.1647,920942.5469
2017-05-12,923928.0659,903207.932,920980.5355
2017-05-15,923295.3766,900730.9761,920773.8804
2017-05-16,922777.7192,900214.2572,920483.4777
2017-05-17,927331.3778,903346.2475,920483.4777
2017-05-18,927249.9798,903936.3053,922074.4783
2017-05-19,926631.3511,904010.9288,922590.1999
2017-05-22,925663.9758,903311.5966,922590.1999
2017-05-23,925086.547,903610.4273,922590.1999
2017-05-24,924413.7677,904774.3254,922398.8077
2017-05-25,922757.2505,907780.1786,921634.6508
2017-05-26,922581.9277,908986.3052,921559.0351
2017-05-30,922221.4021,910418.8552,921403.5331
2017-05-31,922815.7339,910391.5802,921890.4422
2017-06-01,922711.8112,910422.7324,921826.0855
2017-06-02,921321.591,910109.914,921406.2012
2017-06-05,920200.9208,908304.0014,921071.3988
2017-06-06,920379.4532,907074.4692,921071.3988
2017-06-07,919348.7465,906862.4988,921071.3988
2017-06-08,917823.4592,905875.9416,921071.3988
2017-06-09,925427.3625,909703.6939,923030.4546
2017-06-12,924207.2717,907874.9161,923030.4546
2017-06-13,925231.5777,910938.5854,922272.7873
2017-06-14,924309.5094,909496.4967,922060.1624
2017-06-15,923513.0342,905706.2678,921880.2466
2017-06-16,924109.0986,908455.2525,922133.7618
2017-06-19,927063.0308,912278.3266,922550.8343
2017-06-20,926293.0933,910867.2559,921998.8269
2017-06-21,927266.3451,913443.5231,923217.3314
2017-06-22,926628.6899,912441.7138,923160.0866
2017-06-23,928396.8812,914390.1797,924439.9227
2017-06-26,926660.4415,913987.9385,924669.5276
2017-06-27,923848.6086,911591.2696,924669.5276
2017-06-28,925423.9029,915018.6833,925611.7873
2017-06-29,921897.9632,908546.6195,923226.7236
2017-06-30,919428.3501,906568.9431,922389.5527
2017-07-03,914984.3839,902231.4359,921080.5297
2017-07-05,917663.8953,904144.5151,920112.9214
2017-07-06,914272.6704,900792.1727,917589.2927
2017-07-07,920674.5478,906731.4676,920965.6058
2017-07-10,925787.084,912763.5338,924178.8423
2017-07-11,929869.3963,916617.7764,926051.8949
2017-07-12,937137.3589,923722.9358,929068.0254
2017-07-13,936411.6,921718.2158,927617.7085
2017-07-14,938968.8241,925225.64,929275.6234
2017-07-17,937644.1613,924584.4685,928618.5808
2017-07-18,938487.0581,933686.8141,932557.7633
2017-07-19,939397.7409,933605.0223,932895.4718
2017-07-20,938784.8978,935011.5132,934152.1422
2017-07-21,937844.1889,934218.1692,933450.085
2017-07-24,939085.455,935963.8284,933509.8563
2017-07-25,934863.4354,935708.9493,930585.4892
2017-07-26,932555.0782,935085.919,928017.0993
2017-07-27,931961.1765,929561.7598,922374.0704
2017-07-28,930757.9203,929237.2677,921530.896
2017-07-31,930569.6654,926876.1746,921500.0359
2017-08-01,929859.0124,925944.4765,921208.3132
2017-08-02,930230.7843,927492.8168,921503.0355
2017-08-03,927713.7713,929162.845,919836.9639
2017-08-04,927317.7927,927366.8212,920074.376
2017-08-07,927725.5974,928206.5313,920480.0838
2017-08-08,927163.2802,926287.212,919995.5408
2017-08-09,925488.8684,924420.4816,918442.6317
2017-08-10,919517.238,922336.0381,916755.3169
2017-08-11,921378.4528,925217.4464,918945.6005
2017-08-14,930061.484,930824.4929,924862.6138
2017-08-15,929545.7058,929810.2689,923100.9454
2017-08-16,928374.7755,927794.2012,923088.1905
2017-08-17,919611.0221,923878.4822,915922.2171
2017-08-18,919507.7754,924077.7283,915684.5625
2017-08-21,917438.24,923654.8061,913673.9893
2017-08-22,925042.8474,928988.3084,919961.44
2017-08-23,924547.5981,928154.2996,919984.8311
2017-08-24,922764.5214,926335.9669,918005.186
2017-08-25,920120.5547,923318.1259,914905.1701
2017-08-28,921383.9463,924435.7787,916054.4807
2017-08-29,920645.9866,926812.3679,918459.2103
2017-08-30,922891.5641,932728.6457,924744.6897
2017-08-31,924570.5498,935160.4304,927225.357
2017-09-01,924682.319,935304.0811,927296.3457
2017-09-05,924154.2438,933998.5533,926238.4572
2017-09-06,924257.1733,934143.6538,926943.0565
2017-09-07,924731.954,934949.3987,927471.38
2017-09-08,924179.873,933791.4231,926266.2622
2017-09-11,924670.5209,935124.3744,928030.3694
2017-09-12,924858.4827,935477.177,928727.3369
2017-09-13,925221.3045,936612.0803,929118.6975
2017-09-14,925221.3045,936315.3539,928881.3677
2017-09-15,924804.9516,935559.4002,929718.1093
2017-09-18,924125.9261,933428.3741,930011.9935
2017-09-19,925097.4302,934644.2165,930144.1815
2017-09-20,926451.3165,936057.8857,931397.5676
2017-09-21,927574.0929,937194.0822,932411.059
2017-09-22,928448.3587,938079.1028,931988.0561
2017-09-25,928890.7618,938527.2184,929824.0274
2017-09-26,928159.3865,936521.7889,929630.5234
2017-09-27,929688.7087,942275.3313,935821.2554
2017-09-28,930089.2913,942347.3648,936541.4681
2017-09-29,930276.2371,944646.9738,938469.2773
2017-10-02,930636.9239,942127.4213,936543.6522
2017-10-03,930882.0989,942393.1629,938777.2293
2017-10-04,931520.4921,943136.9549,938674.3449
2017-10-05,930622.9884,949185.2049,939172.6826
2017-10-06,929679.7727,944966.9643,937997.2843
2017-10-09,928263.9549,945237.2591,934656.1734
2017-10-10,929097.1937,946529.0443,937623.5886
2017-10-11,928805.0299,945230.117,936723.8919
2017-10-12,928756.5499,943979.0847,936358.665
2017-10-13,927783.2228,941938.2904,936152.0637
2017-10-16,926961.0725,941046.7625,934970.4567
2017-10-17,927682.0043,939985.2966,935504.5729
2017-10-18,928618.0215,940017.7636,935245.1386
2017-10-19,928389.8123,941261.2389,934221.7824
2017-10-20,927982.4811,941202.4941,933051.1109
2017-10-23,928508.302,942202.4634,932207.8981
2017-10-24,927613.6444,942444.7649,932572.1189
2017-10-25,928087.254,942875.1041,930850.3877
2017-10-26,927496.1054,942598.3428,930147.2449
2017-10-27,930652.0448,951929.145,938888.8018
2017-10-30,929728.8384,950777.0045,938529.7238
2017-10-31,930798.4921,951892.2833,940258.7291
2017-11-01,929309.73,949619.9916,937758.4786
2017-11-02,927907.4659,947855.8495,935184.4972
2017-11-03,927533.6227,947548.4526,934286.8354
2017-11-06,926648.8892,946362.5392,933566.9857
2017-11-07,926192.2852,946717.889,933193.4574
2017-11-08,925613.5258,946459.3773,933354.8104
2017-11-09,926927.1004,946241.3526,934035.6434
2017-11-10,927478.5041,946318.2003,933306.4333
2017-11-13,929809.8986,950191.1875,933230.2542
2017-11-14,928319.6341,949163.316,933402.2628
2017-11-15,930180.1276,948677.4212,933431.7556
2017-11-16,928615.8472,950110.0399,933028.7565
2017-11-17,931695.2943,949509.2391,933173.7369
2017-11-20,931520.9622,948461.1626,933237.6359
2017-11-21,929063.6285,950492.5448,932470.9425
2017-11-22,928892.5255,949124.5289,932714.2205
2017-11-24,928047.7407,947821.9644,932244.8695
2017-11-27,927190.9978,948422.114,932410.5198
2017-11-28,927796.9442,951709.5567,932655.4716
2017-11-29,928972.6313,950241.5328,935133.1552
2017-11-30,927746.4702,949827.8836,934304.2962
2017-12-01,924973.5782,947110.9839,932813.7802
2017-12-04,921493.8359,934560.072,927242.9145
2017-12-05,926308.1882,937995.0452,926713.4155
2017-12-06,929982.2104,946524.3523,929484.7225
2017-12-07,934437.8844,951302.9079,932309.4119
2017-12-08,936473.3735,955260.9911,933036.051
2017-12-11,937324.724,956776.7932,932002.3448
2017-12-12,931646.6352,953423.2054,927175.1052
2017-12-13,929509.7032,953264.2889,929663.9319
2017-12-14,931096.888,955861.7013,930830.9046
2017-12-15,933391.424,957150.6917,930758.6304
2017-12-18,937842.4841,959965.6402,932654.2427
2017-12-19,937840.6789,960618.0423,932395.5321
2017-12-20,938549.5897,961510.8778,933877.7945
2017-12-21,937630.6828,960871.3836,933020.8458
2017-12-22,938151.865,961656.8636,935469.9663
2017-12-26,938887.013,963856.6792,936731.2975
2017-12-27,938151.0801,964188.4046,936291.2213
2017-12-28,938667.1115,964486.3788,939252.4704
2017-12-29,935912.1388,962996.1321,938909.1997
2018-01-02,940365.7635,964468.2778,940839.6585
2018-01-03,942262.3934,964963.6685,940839.6585
2018-01-04,941803.9805,964809.4038,940839.6585
2018-01-05,939769.7155,962476.393,940839.6585
2018-01-08,940214.4642,960056.4317,940162.7033
2018-01-09,940255.7275,960290.4996,940589.5252
2018-01-10,939424.1555,959437.46,939871.8764
2018-01-11,938343.4632,958335.4338,938051.788
2018-01-12,938351.0746,958091.4938,937338.8756
2018-01-16,938151.9678,959032.4366,936132.3589
2018-01-17,938284.4228,958950.5437,935156.831
2018-01-18,937984.0104,958713.2851,935292.1616
2018-01-19,937348.6464,957777.6784,934196.0635
2018-01-22,935507.2564,954940.7099,932941.9248
2018-01-23,935208.1627,953415.375,927379.1659
2018-01-24,934223.4766,954363.3882,926145.6005
2018-01-25,932426.8597,953656.2291,925321.0602
2018-01-26,931246.9748,950554.9527,924901.9501
2018-01-29,929894.5198,949398.0969,923664.8439
2018-01-30,929156.3436,948185.515,923425.7968
2018-01-31,929868.995,947573.9757,924372.5235
2018-02-01,931882.6785,949543.7035,924955.0407
2018-02-02,932325.9026,946968.3363,924692.1843
2018-02-05,934774.3105,944835.2137,922603.729
2018-02-06,939070.3473,950866.7768,928056.9215
2018-02-07,940153.8482,948992.5321,931847.2806
2018-02-08,932358.1679,931143.9315,917912.912
2018-02-09,933726.9817,933334.3762,926820.0016
2018-02-12,934280.3313,939323.5499,927427.123
2018-02-13,936249.3047,941260.4375,929347.914
2018-02-14,938958.8574,947747.4495,936795.8493
2018-02-15,944871.1875,954845.5521,943146.8062
2018-02-16,945143.3114,952852.0058,943937.9644
2018-02-20,945964.598,953123.3573,943153.4446
2018-02-21,945452.3796,955052.7852,943695.5932
2018-02-22,949936.8351,957924.2234,947105.4511
2018-02-23,951985.6788,963993.836,948059.3279
2018-02-26,953856.8146,969227.1203,948059.3279
2018-02-27,951616.3264,967729.9209,948059.3279
2018-02-28,952013.3127,967763.673,948059.3279
2018-03-01,952013.3127,966399.1485,948059.3279
2018-03-02,952013.3127,967488.9612,948059.3279
2018-03-05,952013.3127,965229.0332,948059.3279
2018-03-06,951195.1323,966712.746,948059.3279
2018-03-07,951773.8594,965630.33,948059.3279
2018-03-08,952366.8439,965744.9096,948059.3279
2018-03-09,950308.5048,964147.9014,948059.3279
2018-03-12,951483.8249,966601.1531,948059.3279
2018-03-13,952610.8168,967553.2457,948059.3279
2018-03-14,951704.7033,967003.4546,948059.3279
2018-03-15,952071.5627,967584.3636,948059.3279
2018-03-16,952336.5762,968738.348,948059.3279
2018-03-19,953466.5012,967031.2374,948059.3279
2018-03-20,953466.5012,966654.3356,944258.8857
2018-03-21,953466.5012,969590.3764,947177.2894
2018-03-22,953466.5012,964216.0713,944181.6648
2018-03-23,950416.8201,952404.5448,937499.2039
2018-03-26,960735.5789,953485.5538,942392.2978
2018-03-27,937372.6163,935837.6306,929681.9875
2018-03-28,923279.6556,931271.21,928314.351
2018-03-29,938530.8247,944175.7188,936119.0818
2018-04-02,917231.1926,927112.9015,928936.7461
2018-04-03,925497.8762,931435.1292,932958.9763
2018-04-04,934775.4247,939782.9287,937828.7501
2018-04-05,939139.9166,944756.0666,943504.5816
2018-04-06,927423.7588,934084.0861,938811.0273
2018-04-09,931387.9826,936820.9355,939703.0363
2018-04-10,935177.1599,938865.027,941850.2482
2018-04-11,934869.3654,938758.521,941389.5644
2018-04-12,936082.0776,940213.7178,941229.4041
2018-04-13,935721.067,939991.5075,941561.8628
2018-04-16,935719.9083,940243.2265,941524.4431
2018-04-17,936424.4478,945512.6603,943017.79
2018-04-18,936573.6715,945929.5108,942885.0054
2018-04-19,936573.6715,945915.6182,943930.0847
2018-04-20,936573.6715,945223.5925,942795.841
2018-04-23,936573.6715,944284.6176,942281.6617
2018-04-24,936573.6715,943714.1374,939695.6372
2018-04-25,936573.6715,943586.0116,939602.1492
2018-04-26,936871.0119,944933.7455,940586.2116
2018-04-27,937060.5743,948587.1767,940566.5761
2018-04-30,936816.3497,949568.6642,940082.2254
2018-05-01,937198.9028,948321.8427,940244.072
2018-05-02,937057.1625,948214.2697,940303.9469
2018-05-03,938454.3533,948640.1618,939491.0185
2018-05-04,938745.9865,948870.0745,939960.278
2018-05-07,939904.7598,948152.7924,940382.8055
2018-05-08,939631.4835,947665.8039,940343.8616
2018-05-09,938555.6211,946055.3437,940581.4125
2018-05-10,937730.0359,944063.4846,940492.3314
2018-05-11,937088.6365,943458.246,940299.5654
2018-05-14,937025.2487,943428.1119,939857.0791
2018-05-15,938799.8228,944991.8292,939477.8756
2018-05-16,939161.7454,945032.1542,939589.8359
2018-05-17,939144.843,945178.4438,939495.3999
2018-05-18,940047.594,945779.146,939119.6029
2018-05-21,938794.7414,945036.2871,939322.0238
2018-05-22,939436.5064,945486.0294,939322.0238
2018-05-23,938002.1138,944935.4746,939322.0238
2018-05-24,938307.1374,944961.8443,939322.0238
2018-05-25,938667.4797,945032.6718,939322.0238
2018-05-29,939247.3495,945860.3096,939322.0238
2018-05-30,938213.2058,945374.3752,939322.0238
2018-05-31,936805.6937,944209.6845,939322.0238
2018-06-01,935022.3699,942400.3713,939322.0238
2018-06-04,934771.5267,941746.9092,939322.0238
2018-06-05,934771.5267,941746.9092,939322.0238
2018-06-06,934771.5267,941746.9092,939322.0238
2018-06-07,934771.5267,941746.9092,939322.0238
2018-06-08,934771.5267,941746.9092,939322.0238
2018-06-11,934771.5267,941746.9092,939322.0238
2018-06-12,934771.5267,941746.9092,939322.0238
2018-06-13,934771.5267,941746.9092,939322.0238
2018-06-14,934771.5267,941746.9092,939322.0238
2018-06-15,934771.5267,941746.9092,939322.0238
2018-06-18,934771.5267,941746.9092,939322.0238
2018-06-19,934771.5267,941746.9092,939322.0238
2018-06-20,934771.5267,941746.9092,939322.0238
2018-06-21,934771.5267,941746.9092,939322.0238
2018-06-22,934771.5267,941746.9092,939322.0238
2018-06-25,933469.3494,941746.9092,939322.0238
2018-06-26,932394.317,941746.9092,938600.842
2018-06-27,929048.6186,941746.9092,936356.3918
2018-06-28,928653.4109,941746.9092,940362.0301
2018-06-29,926223.1327,941746.9092,939345.9265
2018-07-02,925129.4599,941746.9092,943409.9038
2018-07-03,925129.4599,941746.9092,937173.7336
2018-07-05,924929.9623,941746.9092,943448.7568
2018-07-06,926507.6689,941746.9092,946923.1094
2018-07-09,929902.9383,941746.9092,947610.4147
2018-07-10,932453.67,941746.9092,949042.3035
2018-07-11,929412.3429,941746.9092,946994.6883
2018-07-12,930106.6468,941746.9092,948319.1673
2018-07-13,929711.5062,941746.9092,947247.0847
2018-07-16,926024.1453,941746.9092,946522.5885
2018-07-17,929599.7441,941746.9092,947609.8248
2018-07-18,929475.1667,941746.9092,946897.4296
2018-07-19,929904.3982,941746.9092,947015.5665
2018-07-20,925562.8177,941746.9092,946607.4715
2018-07-23,920237.5078,941746.9092,946077.673
2018-07-24,913853.145,941746.9092,945827.1054
2018-07-25,918558.0114,941746.9092,946958.2744
2018-07-26,931914.6138,941746.9092,947493.859
2018-07-27,920729.3721,941746.9092,943738.9977
2018-07-30,908851.1421,941746.9092,939831.5754
2018-07-31,912114.6986,941746.9092,942826.4179
2018-08-01,911495.3708,941746.9092,943527.5085
2018-08-02,917465.8681,941746.9092,948899.2913
2018-08-03,918940.8801,941746.9092,949239.9511
2018-08-06,921665.5232,941746.9092,955432.035
2018-08-07,917627.7875,941746.9092,956325.0919
2018-08-08,917297.0893,941746.9092,955479.336
2018-08-09,918459.8031,941746.9092,954916.3109
2018-08-10,917543.3244,941746.9092,952063.2054
2018-08-13,917924.7006,941746.9092,950529.2866
2018-08-14,920745.2528,941746.9092,950837.4852
2018-08-15,920835.4447,941746.9092,945372.658
2018-08-16,920584.8491,941746.9092,943134.6246
2018-08-17,917180.7217,941746.9092,936257.2719
2018-08-20,924706.1677,941746.9092,940126.6074
2018-08-21,931229.9746,941746.9092,944416.6631
2018-08-22,936263.6127,941746.9092,947093.2681
2018-08-23,934322.6743,941746.9092,944896.1227
2018-08-24,939470.6522,941746.9092,953088.5089
2018-08-27,940580.0565,941746.9092,955489.942
2018-08-28,938684.1656,941746.9092,957120.0759
2018-08-29,937192.715,941746.9092,956538.0478
2018-08-30,937005.1026,941746.9092,956141.999
2018-08-31,937505.7381,941746.9092,956141.999
2018-09-04,938140.7123,941746.9092,956141.999
2018-09-05,939999.2068,941746.9092,956141.999
2018-09-06,939091.9096,941746.9092,956141.999
2018-09-07,939144.8922,941746.9092,956141.999
2018-09-10,939031.5707,941746.9092,956141.999
2018-09-11,939261.4688,941746.9092,956141.999
2018-09-12,937254.2717,941746.9092,956141.999
2018-09-13,937942.9511,941746.9092,956141.999
2018-09-14,937989.5782,941746.9092,956141.999
2018-09-17,938085.3845,941746.9092,956141.999
2018-09-18,937187.9844,941746.9092,956141.999
2018-09-19,937616.3624,941746.9092,956141.999
2018-09-20,938646.4534,941746.9092,956141.999
2018-09-21,937496.5379,941746.9092,956141.999
2018-09-24,937888.5839,941746.9092,956141.999
2018-09-25,938643.7021,941746.9092,956141.999
2018-09-26,938652.6552,941746.9092,956141.999
2018-09-27,939353.4864,941746.9092,956141.999
2018-09-28,939338.7336,941746.9092,956141.999
2018-10-01,939415.1436,941746.9092,956141.999
2018-10-02,939368.2513,941746.9092,956141.999
2018-10-03,939573.2356,941746.9092,956141.999
2018-10-04,937757.3716,941746.9092,956141.999
2018-10-05,937270.4818,941746.9092,956141.999
2018-10-08,935983.6878,941746.9092,956141.999
2018-10-09,936234.1686,941746.9092,956141.999
2018-10-10,933872.5215,941746.9092,956141.999
2018-10-11,933154.0531,941746.9092,956141.999
2018-10-12,937575.1634,941746.9092,955454.9917
2018-10-15,935919.5605,941746.9092,954577.2794
2018-10-16,939399.2821,941746.9092,956449.802
2018-10-17,943747.7591,941746.9092,956823.2916
2018-10-18,943747.7591,941746.9092,954887.3054
2018-10-19,943747.7591,941746.9092,954675.0144
2018-10-22,943747.7591,941746.9092,955476.887
2018-10-23,943747.7591,941746.9092,954823.2027
2018-10-24,943747.7591,941746.9092,952715.2847
2018-10-25,943747.7591,941746.9092,953842.7983
2018-10-26,943747.7591,941746.9092,947978.5082
2018-10-29,943959.6945,941746.9092,946571.1922
2018-10-30,944436.9517,941746.9092,946372.1495
2018-10-31,943721.5473,941746.9092,945603.1234
2018-11-01,943050.4964,941746.9092,944881.7751
2018-11-02,942845.1308,941746.9092,944661.0168
2018-11-05,943328.1725,941746.9092,945180.2639
2018-11-06,943360.9542,941746.9092,945215.5027
2018-11-07,942676.4033,941746.9092,944479.6426
2018-11-08,942364.0173,941746.9092,944143.8423
2018-11-09,942449.8278,941746.9092,944347.3696
2018-11-12,944303.8995,941746.9092,944347.3696
2018-11-13,943578.3657,941746.9092,944347.3696
2018-11-14,944006.2315,941746.9092,944347.3696
2018-11-15,943853.2099,941746.9092,944347.3696
2018-11-16,942066.6309,941746.9092,944347.3696
2018-11-19,938766.4193,941746.9092,939809.2227
2018-11-20,945729.375,941746.9092,942552.8229
2018-11-21,946201.684,941746.9092,942350.7496
2018-11-23,945182.881,941746.9092,941456.5929
2018-11-26,956034.9096,941746.9092,945450.0611
2018-11-27,956158.4217,941746.9092,945362.1187
2018-11-28,959113.2813,941746.9092,949901.8145
2018-11-29,956575.4449,941746.9092,949435.016
2018-11-30,960864.9178,941746.9092,952126.5118
2018-12-03,965682.3787,941746.9092,956352.8722
2018-12-04,971180.7977,958619.9662,961663.0377
2018-12-06,970200.1527,958594.7655,964032.1204
2018-12-07,973105.7684,967880.0861,966114.8326
2018-12-10,974278.5508,967295.9249,965676.9026
2018-12-11,974569.3265,969061.9327,965114.9076
2018-12-12,973296.0765,968720.2735,964313.3782
2018-12-13,976619.6887,969045.3778,964325.9804
2018-12-14,978536.4688,972134.916,965774.4345
2018-12-17,979817.7479,980163.2877,967503.5615
2018-12-18,973856.2733,973447.8515,966325.156
2018-12-19,981662.2419,979555.516,965434.8997
2018-12-20,975912.0206,976873.8898,961525.2161
2018-12-21,982610.1299,975821.7689,964259.8555
2018-12-24,978219.9866,967925.2711,957335.8383
2018-12-26,1011182.397,992670.6905,961257.8443
2018-12-27,1006112.136,989259.5513,957780.0021
2018-12-28,1014895.294,995465.5748,963790.3795
2018-12-31,1015415.518,997864.0343,963566.8695
2019-01-02,1011170.162,994080.8338,955765.5114
2019-01-03,998581.0846,988657.9503,954623.9776
2019-01-04,1014304.69,996371.5095,956602.1776
2019-01-07,1024857.204,999998.4371,958072.8367
2019-01-08,1028068.626,996533.1434,956076.8057
2019-01-09,1027444.014,996849.2154,957420.8786
2019-01-10,1029769.826,995496.6285,958217.62
2019-01-11,1030114.231,996454.5905,952208.4327
2019-01-14,1021936.727,992949.5817,955224.515
2019-01-15,1022625.875,974874.9209,943604.0176
2019-01-16,1022809.244,974828.7777,942336.5336
2019-01-17,1022974.215,973267.1647,941857.082
2019-01-18,1017075.813,972925.5233,940972.2956
2019-01-22,1016638.504,976128.4251,941513.7888
2019-01-23,1015155.066,975050.0517,939251.4289
2019-01-24,1014213.179,975172.1735,937799.4222
2019-01-25,1014213.179,973524.433,937407.1225
2019-01-28,1014213.179,974267.5371,941167.059
2019-01-29,1014213.179,976416.7647,942255.6359
2019-01-30,1014213.179,974471.7601,941272.3534
2019-01-31,1010763.295,968599.5294,940192.2577
2019-02-01,1010807.93,970087.7993,940025.8331
2019-02-04,1006714.277,963848.0537,939270.1135
2019-02-05,1004567.603,961032.2944,938570.793
2019-02-06,1009050.369,965782.2587,938593.3596
2019-02-07,1018012.703,971928.7335,941225.5072
2019-02-08,1017603.003,972769.6708,940613.1273
2019-02-11,1017288.24,973932.6146,941454.9815
2019-02-12,1018157.608,968983.1477,939640.9975
2019-02-13,1019811.408,969536.3406,940292.3832
2019-02-14,1020921.963,970295.3507,939425.4822
2019-02-15,1021203.309,967760.9591,939505.4534
2019-02-19,1021894.377,967787.6074,939250.9725
2019-02-20,1022372.913,967098.5425,939117.9639
2019-02-21,1027099.103,968101.4599,939984.934
2019-02-22,1026653.628,967482.5843,940070.6084
2019-02-25,1028129.455,969176.3642,941465.4749
2019-02-26,1027906.149,969478.337,941111.9533
2019-02-27,1022870.432,969356.2672,940578.7299
2019-02-28,1020492.33,968959.873,940249.7818
2019-03-01,1025527.36,968663.3313,940537.1906
2019-03-04,1027701.195,969804.4258,941888.5734
2019-03-05,1028650.576,970451.8485,941771.1301
2019-03-06,1028682.869,971154.1774,941579.835
2019-03-07,1028645.196,971592.5428,941832.3742
2019-03-08,1029114.719,971375.7127,941940.4506
2019-03-11,1031190.944,969725.9583,941606.8531
2019-03-12,1032373.498,969509.1298,941700.1602
2019-03-13,1033400.89,968937.8222,941522.1942
2019-03-14,1032475.483,968937.8222,942196.5673
2019-03-15,1035175.281,968937.8222,941318.4623
2019-03-18,1035498.591,968937.8222,941496.146
2019-03-19,1037107.369,968937.8222,940099.4774
2019-03-20,1037107.369,968937.8222,940370.1273
2019-03-21,1037107.369,968937.8222,938743.9144
2019-03-22,1037107.369,968937.8222,938743.9144
2019-03-25,1037107.369,968937.8222,938743.9144
2019-03-26,1037107.369,968937.8222,938743.9144
2019-03-27,1037107.369,968937.8222,938743.9144
2019-03-28,1037107.369,968937.8222,938743.9144
2019-03-29,1037107.369,968937.8222,938743.9144
2019-04-01,1037107.369,968937.8222,938743.9144
2019-04-02,1037107.369,968937.8222,938743.9144
2019-04-03,1037107.369,968937.8222,938743.9144
2019-04-04,1037107.369,968937.8222,938743.9144
2019-04-05,1037107.369,968937.8222,938743.9144
2019-04-08,1037107.369,968937.8222,938743.9144
2019-04-09,1037107.369,968937.8222,938743.9144
2019-04-10,1037107.369,968937.8222,938743.9144
2019-04-11,1037107.369,968937.8222,938743.9144
2019-04-12,1037107.369,968937.8222,938743.9144
2019-04-15,1037107.369,968937.8222,938175.488
2019-04-16,1037107.369,968937.8222,940817.5649
2019-04-17,1037107.369,968937.8222,939639.9796
2019-04-18,1037107.369,968937.8222,941039.6112
2019-04-22,1037107.369,968937.8222,945278.4216
2019-04-23,1036166.541,968937.8222,946413.5886
2019-04-24,1036805.44,968937.8222,944502.5107
2019-04-25,1036363.543,968937.8222,943030.5291
2019-04-26,1035680.48,968937.8222,944897.6508
2019-04-29,1035131.967,968937.8222,943404.2938
2019-04-30,1042423.911,968937.8222,944204.6601
2019-05-01,1038840.845,968937.8222,946164.2805
2019-05-02,1039681.552,967595.7412,947508.172
2019-05-03,1039559.11,971688.1409,949254.881
2019-05-06,1036456.41,972202.4088,947316.166
2019-05-07,1032152.166,970628.2299,942052.5428
2019-05-08,1032240.211,971103.9265,939992.9465
2019-05-09,1032728.114,968637.5233,937994.4021
2019-05-10,1032897.174,967330.9439,937059.1919
2019-05-13,1030028.104,948300.4939,927195.5127
2019-05-14,1028897.465,948665.6831,926480.4915
2019-05-15,1033638.996,962425.2322,933552.9173
2019-05-16,1035204.586,968426.7417,938075.0142
2019-05-17,1032905.042,954270.3776,932675.2676
2019-05-20,1030826.471,940777.6538,927452.2354
2019-05-21,1032236.53,946598.9004,930157.5475
2019-05-22,1032645.668,944109.2819,930990.5725
2019-05-23,1028823.532,934292.5059,925712.4322
2019-05-24,1027646.25,932324.1704,925963.7658
2019-05-28,1031048.853,934884.3599,925754.1554
2019-05-29,1028816.207,930899.3755,923205.9332
2019-05-30,1028564.21,930843.2642,922970.3303
2019-05-31,1024942.331,920168.8619,921041.1312
2019-06-03,1011221.75,907492.2144,918827.1438
2019-06-04,1017193.587,918350.132,926503.4724
2019-06-05,1018057.619,919344.9257,927182.8999
2019-06-06,1019444.676,923552.7179,929117.3966
2019-06-07,1026399.964,930895.8551,933359.6535
2019-06-10,1028694.306,936626.7935,934625.3268
2019-06-11,1032736.056,941996.6287,935059.9748
2019-06-12,1033906.251,942093.438,933955.9692
2019-06-13,1034685.534,942358.0473,934408.001
2019-06-14,1039988.149,941220.0068,933613.6528
2019-06-17,1045277.314,940871.4423,933699.2319
2019-06-18,1041784.141,942778.6994,934200.7705
2019-06-19,1039223.657,943314.3529,934200.7705
2019-06-20,1041421.512,946070.2589,934200.7705
2019-06-21,1042323.117,944742.8724,934200.7705
2019-06-24,1041179.154,943808.2341,934200.7705
2019-06-25,1045543.87,950360.155,934200.7705
2019-06-26,1043303.646,945662.519,934200.7705
2019-06-27,1041090.358,939639.9742,934200.7705
2019-06-28,1039916.575,938547.9171,934200.7705
2019-07-01,1030570.904,928038.6487,934200.7705
2019-07-02,1033365.371,928193.7652,934200.7705
2019-07-03,1027525.124,921065.4028,934200.7705
2019-07-05,1028049.574,920463.4962,934200.7705
2019-07-08,1033106.437,921450.9224,934200.7705
2019-07-09,1031481.287,920984.572,934200.7705
2019-07-10,1026474.109,920176.8014,934200.7705
2019-07-11,1023677.543,920176.8014,934200.7705
2019-07-12,1021525.621,920176.8014,934200.7705
2019-07-15,1021102.314,920176.8014,934200.7705
2019-07-16,1020864.938,920176.8014,934200.7705
2019-07-17,1020857.433,920176.8014,934316.6639
2019-07-18,1020837.745,920176.8014,934869.5369
2019-07-19,1024387.5,920176.8014,931442.8655
2019-07-22,1020759.15,920176.8014,931001.1434
2019-07-23,1017889.961,920176.8014,929174.855
2019-07-24,1017740.96,920176.8014,930595.8335
2019-07-25,1021126.074,920176.8014,933080.0616
2019-07-26,1009413.158,920176.8014,934968.4831
2019-07-29,1011605.367,920176.8014,933409.1861
2019-07-30,1012488.246,920176.8014,931657.6755
2019-07-31,1010627.908,920176.8014,930506.1671
2019-08-01,1009998.668,920176.8014,929392.7126
2019-08-02,1009045.302,918662.1197,926223.5601
2019-08-05,1008055.024,914164.5914,924521.2283
2019-08-06,1007475.616,914470.223,924117.6841
2019-08-07,1008565.257,914027.1008,925255.6262
2019-08-08,1013792.418,919843.5929,931134.5923
2019-08-09,1010336.126,917258.2901,927464.4579
2019-08-12,1007430.729,915110.3204,924262.7581
2019-08-13,1011840.173,921067.0532,928973.8058
2019-08-14,1003603.157,915515.5968,919526.6582
2019-08-15,1004236.519,916813.9047,920009.2227
2019-08-16,1010595.056,920588.9938,924952.5714
2019-08-19,1017902.618,923622.8607,925524.1973
2019-08-20,1013838.383,923368.8731,925976.4573
2019-08-21,1015545.028,923869.391,925415.46
2019-08-22,1014321.784,922427.1371,924875.424
2019-08-23,1005987.289,920681.095,926448.0517
2019-08-26,1007698.235,921003.2786,927645.4883
2019-08-27,1005668.014,921414.9032,927449.0398
2019-08-28,1005589.516,921616.3376,927715.8793
2019-08-29,1008645,922885.5066,929708.8307
2019-08-30,1008463.337,922885.5066,929199.924
2019-09-03,1006645.926,922885.5066,928038.7218
2019-09-04,1008555.304,922885.5066,928898.8225
2019-09-05,1012096.749,922885.5066,929872.1683
2019-09-06,1012225.478,924018.983,930731.9236
2019-09-09,1012340.744,923322.7098,930416.196
2019-09-10,1012917.069,924520.1734,931495.8771
2019-09-11,1012786.861,920979.2014,930528.7384
2019-09-12,1011965.287,920261.5261,931286.1736
2019-09-13,1012227.688,920537.6988,931549.2863
2019-09-16,1014491.916,921361.2035,932475.9043
2019-09-17,1013630.3,920966.0718,931267.8782
2019-09-18,1014800.322,920756.6938,932281.0525
2019-09-19,1016189.171,920716.7909,932508.2686
2019-09-20,1020551.308,920790.7787,936511.6196
2019-09-23,1020824.796,920260.5252,936000.6453
2019-09-24,1021788.815,919275.2944,938390.9174
2019-09-25,1021741.027,921113,938578.8306
2019-09-26,1020529.294,923509.0783,935353.5753
2019-09-27,1020571.689,922938.2486,935416.129
2019-09-30,1021701.287,922993.6292,936311.4793
2019-10-01,1021095.567,923373.8735,935744.4357
2019-10-02,1020155.037,921072.6668,935873.6322
2019-10-03,1023236.055,922910.9089,938097.0096
2019-10-04,1025383.468,924627.172,939080.3094
2019-10-07,1025075.335,924292.9197,937933.9364
2019-10-08,1023589.353,923045.5233,936914.0342
2019-10-09,1024539.745,923890.203,935499.4335
2019-10-10,1024758.208,924376.8999,937222.1254
2019-10-11,1025754.159,925182.1167,936868.4069
2019-10-14,1025249.606,924966.5168,935241.572
2019-10-15,1027296.935,923773.0277,934657.1398
2019-10-16,1027033.176,922745.6468,934071.4926
2019-10-17,1025382.993,917044.3327,932681.0935
2019-10-18,1029956.356,923229.0676,936599.2603
2019-10-21,1030252.409,921368.127,936222.5546
2019-10-22,1030362.938,922231.7508,936653.1002
2019-10-23,1029773.318,922582.113,936923.5236
2019-10-24,1029720.211,916760.971,927024.8846
2019-10-25,1029533.954,918201.836,925088.565
2019-10-28,1028648.289,918057.4131,925043.8866
2019-10-29,1029664.58,919922.765,925929.8564
2019-10-30,1029663.151,920003.3184,926023.1556
2019-10-31,1029731.333,920339.8557,926801.2564
2019-11-01,1029248.66,919794.9122,927068.8153
2019-11-04,1028625.66,917826.8246,925301.9393
2019-11-05,1028948.254,918058.4124,926475.7112
2019-11-06,1029590.09,918156.8446,925620.1296
2019-11-07,1028766.558,916954.2409,924338.0407
2019-11-08,1028768.617,916525.2984,924214.6683
2019-11-11,1028968.9,916209.1325,923601.6603
2019-11-12,1027979.219,914811.8298,923913.947
2019-11-13,1029897.685,915371.5205,925563.3123
2019-11-14,1029357.371,914715.456,924045.8837
2019-11-15,1030787.631,913328.9803,922784.8535
2019-11-18,1030816.887,913495.1966,921027.3383
2019-11-19,1031067.41,912668.6987,921020.3449
2019-11-20,1028887.839,913904.2408,920423.6274
2019-11-21,1024543.281,913689.5733,918901.535
2019-11-22,1025913.451,915319.0701,919183.5773
2019-11-25,1020916.568,914496.4735,918001.7995
2019-11-26,1021328.686,914953.0127,918715.0613
2019-11-27,1018125.847,914223.531,917913.2241
2019-11-29,1019114.621,914214.8645,918209.2533
2019-12-02,1024108.014,914357.714,918180.5868
2019-12-03,1027454.263,914066.8997,918180.5868
2019-12-04,1028032.941,913500.0233,918180.5868
2019-12-05,1029488.712,913429.4591,918180.5868
2019-12-06,1026691.758,912671.6212,918180.5868
2019-12-09,1029297.463,912132.2314,918180.5868
2019-12-10,1034599.013,911458.388,918180.5868
2019-12-11,1031184.138,911112.8206,918180.5868
2019-12-12,1031293.334,910403.8669,918180.5868
2019-12-13,1031247.826,909110.3522,918180.5868
2019-12-16,1028075.627,909971.0824,918180.5868
2019-12-17,1021662.399,909700.512,918136.4512
2019-12-18,1020992.152,909535.782,916817.2403
2019-12-19,1019210.508,907176.5942,914922.3647
2019-12-20,1018850.388,907802.6233,914293.6628
2019-12-23,1019059.76,907996.5526,914804.1452
2019-12-24,1019407.95,908197.8721,914790.7136
2019-12-26,1012836.919,905828.2159,914867.2854
2019-12-27,1014161.102,908881.5679,915342.8436
2019-12-30,1015779.781,911979.7735,916119.3185
2019-12-31,1015249.914,911891.7011,916084.3944
2020-01-02,1012462.46,905095.6885,915246.1218
2020-01-03,1014026.727,907924.4606,915771.3835
2020-01-06,1011697.736,909675.3505,914437.4028
2020-01-07,1010312.519,908903.5213,915119.8413
2020-01-08,1008964.204,907460.4889,913976.624
2020-01-09,1008396.184,906966.9893,914460.2381
2020-01-10,1008544.003,909217.6853,915291.3026
2020-01-13,1004828.451,902172.8038,913471.8811
2020-01-14,1006565.912,905158.1522,913923.6119
2020-01-15,1007274.726,905908.6789,913488.7327
2020-01-16,1007081.99,904579.381,913060.582
2020-01-17,1006590.355,904323.3638,911610.6779
2020-01-21,1003816.208,901445.2859,911564.733
2020-01-22,1001138.1,901205.7262,913191.5746
2020-01-23,1000577.748,903814.6588,910021.1867
2020-01-24,1001055.536,903239.2068,909313.8848
2020-01-27,1001495.776,908829.2064,909313.8848
2020-01-28,1001738.101,907212.6827,910710.1034
2020-01-29,1000648.47,908102.1472,910005.6722
2020-01-30,1001640.144,904784.8645,910083.9306
2020-01-31,1014893.385,913344.9151,906951.1604
2020-02-03,1013589.896,910384.4463,908254.1102
2020-02-04,1012452.119,912218.0451,910297.76
2020-02-05,1016672.207,916359.9584,911388.7088
2020-02-06,1014988.126,919890.0568,912437.5899
2020-02-07,1014914.997,920338.5406,911638.1714
2020-02-10,1012580.882,921893.1116,915058.2922
2020-02-11,1008222.007,916650.484,916973.1364
2020-02-12,1008873.76,917861.309,916973.1364
2020-02-13,1008952.981,920178.7437,916973.1364
2020-02-14,1007573.47,918562.023,916973.1364
2020-02-18,1003926.975,919294.906,916973.1364
2020-02-19,998534.931,918481.9678,916973.1364
2020-02-20,998561.2289,919631.3009,916973.1364
2020-02-21,1001437.532,923579.3647,916973.1364
2020-02-24,1007144.486,932300.5064,916973.1364
2020-02-25,1006475.967,920659.6244,916973.1364
2020-02-26,1010061.098,922051.9314,916266.1904
2020-02-27,993391.0216,907035.4751,906952.7081
2020-02-28,991617.3237,919475.9042,911083.5
2020-03-02,1004871.83,941752.0054,916233.591
2020-03-03,991369.3475,927510.729,913010.8302
2020-03-04,1008982.739,941624.6906,914803.965
2020-03-05,984883.147,921580.6644,912790.8954
2020-03-06,974839.8408,909234.9454,910633.3661
2020-03-09,935576.3176,878239.2965,910417.2234
2020-03-10,951099.0178,886395.7843,919523.7755
2020-03-11,925106.8412,871635.4664,901406.2097
2020-03-12,883782.7654,846076.4779,868158.154
2020-03-13,885459.6413,845043.8652,877052.6013
2020-03-16,883534.5299,845043.8652,861044.045
2020-03-17,883534.5299,845043.8652,862940.7679
2020-03-18,883534.5299,845043.8652,862324.7099
2020-03-19,883534.5299,845043.8652,864708.3367
2020-03-20,883534.5299,845043.8652,864823.4905
2020-03-23,883534.5299,845043.8652,868773.1751
2020-03-24,883534.5299,845043.8652,868348.5523
2020-03-25,883534.5299,845043.8652,866199.5434
2020-03-26,883534.5299,845043.8652,869164.6882
2020-03-27,883534.5299,845043.8652,868538.7183
2020-03-30,883534.5299,845043.8652,868538.7183
2020-03-31,883534.5299,845043.8652,868538.7183
2020-04-01,883534.5299,845043.8652,868538.7183
2020-04-02,883534.5299,845043.8652,868538.7183
2020-04-03,883534.5299,845043.8652,868538.7183
2020-04-06,883534.5299,845043.8652,868538.7183
2020-04-07,883534.5299,845043.8652,868538.7183
2020-04-08,883534.5299,845043.8652,868538.7183
2020-04-09,883534.5299,845043.8652,868538.7183
2020-04-13,883534.5299,845043.8652,868538.7183
2020-04-14,883534.5299,845043.8652,868538.7183
2020-04-15,883534.5299,845043.8652,868972.468
2020-04-16,883534.5299,845043.8652,868379.0878
2020-04-17,883534.5299,845043.8652,868044.2022
2020-04-20,883534.5299,845043.8652,868334.7209
2020-04-21,883534.5299,845043.8652,870635.7075
2020-04-22,883534.5299,845043.8652,868884.5024
2020-04-23,883534.5299,845043.8652,869906.1358
2020-04-24,883534.5299,845043.8652,869153.0286
2020-04-27,883534.5299,845043.8652,866313.4465
2020-04-28,883534.5299,845043.8652,867456.6104
2020-04-29,883534.5299,845043.8652,866245.5439
2020-04-30,882932.1728,845043.8652,864094.6747
2020-05-01,883972.9335,844846.3742,864094.6747
2020-05-04,883775.2637,844205.9286,864094.6747
2020-05-05,882849.9837,843818.2182,864094.6747
2020-05-06,882977.158,842819.3877,864094.6747
2020-05-07,882132.2937,842819.3877,864094.6747
2020-05-08,881598.8118,842819.3877,864094.6747
2020-05-11,880916.8961,842819.3877,864094.6747
2020-05-12,881923.2849,842819.3877,864094.6747
2020-05-13,882874.4298,842819.3877,864094.6747
2020-05-14,882572.2583,842819.3877,864094.6747
2020-05-15,881998.3966,842819.3877,864094.6747
2020-05-18,881569.0399,842819.3877,864094.6747
2020-05-19,881950.9177,842819.3877,864094.6747
2020-05-20,880719.5865,842819.3877,864094.6747
2020-05-21,880804.9405,842819.3877,864094.6747
2020-05-22,880575.0488,842819.3877,864094.6747
2020-05-26,880287.0539,842819.3877,864094.6747
2020-05-27,880325.6711,842819.3877,864094.6747
2020-05-28,880982.0741,842819.3877,864094.6747
2020-05-29,880982.0741,842819.3877,864094.6747
2020-06-01,880982.0741,842819.3877,864094.6747
2020-06-02,880982.0741,842819.3877,864094.6747
2020-06-03,880982.0741,842819.3877,864094.6747
2020-06-04,880982.0741,842819.3877,864094.6747
2020-06-05,880982.0741,842819.3877,864094.6747
2020-06-08,880982.0741,842819.3877,864094.6747
2020-06-09,880982.0741,842819.3877,864094.6747
2020-06-10,880982.0741,842819.3877,864094.6747
2020-06-11,880982.0741,842819.3877,864094.6747
2020-06-12,880982.0741,842819.3877,864094.6747
2020-06-15,880982.0741,842819.3877,864094.6747
2020-06-16,880982.0741,842819.3877,864094.6747
2020-06-17,880982.0741,842819.3877,864094.6747
2020-06-18,880982.0741,842819.3877,864094.6747
2020-06-19,880982.0741,842819.3877,864094.6747
2020-06-22,880982.0741,842819.3877,864094.6747
2020-06-23,880982.0741,842819.3877,864094.6747
2020-06-24,880982.0741,842819.3877,864094.6747
2020-06-25,880982.0741,842819.3877,864094.6747
2020-06-26,880982.0741,842819.3877,864094.6747
2020-06-29,890075.6831,842819.3877,866771.9797
2020-06-30,895028.2168,842819.3877,868363.2887
2020-07-01,897819.6301,842819.3877,870188.5588
2020-07-02,902044.6097,842819.3877,872726.6756
2020-07-06,901848.8974,837777.24,872726.6756
2020-07-07,899662.9989,838541.0537,874174.5145
2020-07-08,901819.9101,837404.4848,873023.3232
2020-07-09,902909.5369,834566.704,870252.1286
2020-07-10,901026.9502,833044.2549,866208.0362
2020-07-13,904407.7866,842270.6074,863562.8719
2020-07-14,904407.7866,844521.6135,863562.8719
2020-07-15,904407.7866,844521.6135,863562.8719
2020-07-16,904407.7866,844521.6135,863562.8719
2020-07-17,904407.7866,844521.6135,863562.8719
2020-07-20,904407.7866,844521.6135,863562.8719
2020-07-21,905359.1117,844521.6135,863562.8719
2020-07-22,905045.9583,844521.6135,863562.8719
2020-07-23,906732.6693,844521.6135,863562.8719
2020-07-24,909789.8287,844619.339,863562.8719
2020-07-27,912824.0382,845793.2112,863562.8719
2020-07-28,911953.2517,844371.0751,863562.8719
2020-07-29,910255.0721,845704.8543,863562.8719
2020-07-30,910062.0922,846213.9563,863562.8719
2020-07-31,912595.7687,855049.7431,863562.8719
2020-08-03,915198.8778,855049.7431,863562.8719
2020-08-04,918269.9026,855049.7431,863562.8719
2020-08-05,916195.0947,855049.7431,863562.8719
2020-08-06,917020.8285,855049.7431,863562.8719
2020-08-07,913684.5262,855049.7431,863562.8719
2020-08-10,910917.5664,855049.7431,863562.8719
2020-08-11,907399.4172,855049.7431,863562.8719
2020-08-12,908585.9618,855049.7431,863562.8719
2020-08-13,909712.6119,855049.7431,863562.8719
2020-08-14,910469.6985,855049.7431,863562.8719
2020-08-17,909980.5344,855049.7431,863562.8719
2020-08-18,911495.4311,855713.5752,863562.8719
2020-08-19,910146.4779,856212.1964,863562.8719
2020-08-20,910077.5083,854118.5142,863562.8719
2020-08-21,906152.277,851733.8043,863562.8719
2020-08-24,905493.36,850291.3539,863562.8719
2020-08-25,904947.1508,849380.5606,863562.8719
2020-08-26,901906.3451,843865.5886,863562.8719
2020-08-27,904232.9109,844687.7452,863696.6672
2020-08-28,903943.7089,843885.8121,864315.717
2020-08-31,899215.545,839620.2885,862020.915
2020-09-01,898836.4951,839128.6275,860114.6613
2020-09-02,899748.1254,835538.405,860705.0677
2020-09-03,912195.5174,845119.7403,867085.6912
2020-09-04,916561.4185,848221.4576,869746.3246
2020-09-08,926923.8652,859178.1828,871732.136
2020-09-09,923722.5175,859752.6906,869477.753
2020-09-10,925062.988,859042.2844,867484.2331
2020-09-11,925965.261,856542.3533,866960.1423
2020-09-14,926080.521,861257.6596,866797.2639
2020-09-15,925589.3095,871709.9029,869017.4171
2020-09-16,926606.1846,867286.36,865866.0317
2020-09-17,927423.2016,859131.8294,862785.4324
2020-09-18,924646.1927,859839.9038,861974.5698
2020-09-21,924487.3243,863302.702,862347.335
2020-09-22,931228.2127,864338.0959,871124.5092
2020-09-23,925246.4861,848874.4561,864160.7232
2020-09-24,926116.4795,850877.4711,865102.9707
2020-09-25,932407.8586,857849.5518,869855.3021
2020-09-28,939427.2026,863832.675,873579.5022
2020-09-29,940643.0691,864144.0897,874224.5685
2020-09-30,940869.1783,866632.2703,874410.6395
2020-10-01,948975.073,878597.6263,878489.9511
2020-10-02,937991.1496,865069.6344,876121.0801
2020-10-05,944208.3891,872125.5572,877788.8541
2020-10-06,936029.5479,862901.356,875667.8462
2020-10-07,941132.3688,872372.3239,875476.6687
2020-10-08,943333.2195,873324.2545,877473.7123
2020-10-09,948999.1968,878897.7335,877718.0517
2020-10-12,962702.4956,886439.3561,879372.5572
2020-10-13,963265.7312,889846.6774,879306.5295
2020-10-14,964187.4381,889889.4984,878075.5994
2020-10-15,963152.9553,888480.3957,876925.7273
2020-10-16,964534.1707,887278.1099,875639.3959
2020-10-19,966459.3819,887318.6951,877142.3846
2020-10-20,967905.2021,887591.5492,877584.4567
2020-10-21,972393.3374,888542.6847,878666.4071
2020-10-22,971504.8173,887652.9373,875339.1759
2020-10-23,972319.6438,887334.7611,876745.4739
2020-10-26,975150.0709,889604.4154,874020.4777
2020-10-27,969991.223,888884.7455,876305.2865
2020-10-28,982647.1538,888103.1625,870398.0433
2020-10-29,975188.0432,891525.8568,875934.009
2020-10-30,978964.0126,882165.8069,871950.9854
2020-11-02,978960.9581,882752.4462,873123.3645
2020-11-03,980842.913,888798.046,874175.4911
2020-11-04,978357.6272,898508.193,880102.6511
2020-11-05,978358.4486,902648.7258,884222.9802
2020-11-06,977902.0566,902785.8821,884358.6857
2020-11-09,975658.7139,896531.8442,878170.7988
2020-11-10,974947.5419,895740.0743,879533.4475
2020-11-11,976001.3055,895740.0743,879835.1136
2020-11-12,975778.9895,895740.0743,879835.1136
2020-11-13,975138.2559,895740.0743,879835.1136
2020-11-16,975114.5911,895740.0743,879835.1136
2020-11-17,975545.8278,895740.0743,879835.1136
2020-11-18,975781.3364,895740.0743,879835.1136
2020-11-19,975394.6913,895740.0743,879502.5864
2020-11-20,974995.2562,895740.0743,879909.9683
2020-11-23,974982.0434,895740.0743,878550.3435
2020-11-24,975239.335,895740.0743,877471.5624
2020-11-25,975091.5469,895740.0743,876550.2424
2020-11-27,974736.7658,895740.0743,876110.2996
2020-11-30,973664.1797,895740.0743,875260.2183
2020-12-01,973879.6728,895740.0743,875260.2183
2020-12-02,973879.6728,895244.0056,875260.2183
2020-12-03,973879.6728,894411.7278,875260.2183
2020-12-04,973879.6728,894411.7278,875260.2183
2020-12-07,973879.6728,894411.7278,875260.2183
2020-12-08,972963.6164,893570.421,875260.2183
2020-12-09,974617.1281,895089.0072,875260.2183
2020-12-10,975827.0078,894976.3719,875260.2183
2020-12-11,975827.0078,896100.4272,875260.2183
2020-12-14,975827.0078,897541.5099,875260.2183
2020-12-15,975827.0078,898212.9406,875260.2183
2020-12-16,975827.0078,899709.1434,875260.2183
2020-12-17,975367.0166,898870.0238,874847.6328
2020-12-18,975210.7038,897724.2799,874707.4293
2020-12-21,975769.4012,898135.5074,875208.5485
2020-12-22,975928.7378,897868.2645,875351.4641
2020-12-23,977586.5963,896008.554,876513.8054
2020-12-24,976936.2933,895639.8463,876559.9395
2020-12-28,980121.8511,897725.0771,876094.099
2020-12-29,980370.9987,898821.5386,875031.2548
2020-12-30,979953.0914,899020.4401,875599.3116
2020-12-31,979768.6015,897892.0848,874139.3726
2021-01-04,982904.9897,896570.923,875755.7983
2021-01-05,983733.9753,898788.8155,875942.1325
2021-01-06,980605.831,892917.7194,877805.913
2021-01-07,985538.2697,898621.7459,877805.913
2021-01-08,983906.3555,897488.3832,877805.913
2021-01-11,981304.8474,891733.1368,877805.913
2021-01-12,977165.0439,885609.5398,877805.913
2021-01-13,976925.5809,889617.5596,877805.913
2021-01-14,975983.9882,882591.2142,877805.913
2021-01-15,977948.9269,883725.9972,877805.913
2021-01-19,979357.946,890644.2501,877805.913
2021-01-20,980516.7662,911163.7718,877805.913
2021-01-21,982348.9677,918442.5317,877951.0511
2021-01-22,983561.4046,919359.082,879082.4412
2021-01-25,983665.5058,920952.2876,879729.4971
2021-01-26,981681.9229,919175.984,879332.3164
2021-01-27,991155.7038,936809.5241,882313.1046
2021-01-28,992361.0441,939511.2402,881131.5858
2021-01-29,995833.2963,947636.2959,881610.5186
2021-02-01,994792.1744,939589.0627,881219.4292
2021-02-02,994477.9313,934650.2285,881219.4292
2021-02-03,994500.8187,930925.9004,881219.4292
2021-02-04,993388.1297,930023.1761,881219.4292
2021-02-05,991995.8704,928890.8761,881219.4292
2021-02-08,993206.8253,923327.369,881219.4292
2021-02-09,991594.1709,925624.7474,881219.4292
2021-02-10,986521.7135,923682.1458,881219.4292
2021-02-11,985821.1245,921673.4937,881219.4292
2021-02-12,987262.9065,921610.1182,881219.4292
2021-02-16,984360.0051,918272.4197,881219.4292
2021-02-17,986040.8896,917870.4811,881219.4292
2021-02-18,986664.7947,917793.633,881219.4292
2021-02-19,987603.8851,918770.7878,879968.9034
2021-02-22,986884.8581,921096.6763,874283.8464
2021-02-23,984155.5189,918483.7064,869756.4216
2021-02-24,987823.1934,922180.4004,873847.8298
2021-02-25,984531.0357,911541.279,865491.7872
2021-02-26,981430.9372,908637.263,864201.6593
2021-03-01,987666.5653,911233.7566,871010.0065
2021-03-02,984970.936,909324.2105,863769.2013
2021-03-03,974501.1241,900008.3767,855297.6622
2021-03-04,969776.4649,892971.527,848095.3783
2021-03-05,973168.7775,883336.2001,845070.4434
2021-03-08,960869.5882,871189.9592,839546.5154
2021-03-09,968709.2083,883300.6906,845471.7265
2021-03-10,967784.5635,885100.5127,845140.7616
2021-03-11,975479.8694,889359.8186,848483.6311
2021-03-12,974161.9871,889359.8186,847608.5633
2021-03-15,975874.178,889359.8186,849742.1921
2021-03-16,975402.8827,889359.8186,850378.6294
2021-03-17,975964.904,889359.8186,850696.8359
2021-03-18,968308.5398,889359.8186,846758.8966
2021-03-19,968763.4292,889359.8186,847543.3009
2021-03-22,972959.8741,889359.8186,849710.369
2021-03-23,974400.7001,889359.8186,848975.2911
2021-03-24,972637.249,889359.8186,846252.9412
2021-03-25,973196.8644,889359.8186,845567.1775
2021-03-26,971998.0053,889359.8186,847501.9517
2021-03-29,971587.6958,889359.8186,848195.6498
2021-03-30,972933.094,889359.8186,847708.7895
2021-03-31,974719.7676,889359.8186,850741.3931
2021-04-01,974378.0269,889359.8186,853691.2676
2021-04-05,975027.8175,889359.8186,851409.6666
2021-04-06,975839.3523,889359.8186,850727.3757
2021-04-07,971209.0893,889359.8186,849265.611
2021-04-08,969733.0834,889359.8186,848709.0318
2021-04-09,967832.523,889359.8186,847308.8866
2021-04-12,968142.6677,889359.8186,850762.9233
2021-04-13,970463.6171,889359.8186,851444.7986
2021-04-14,970494.1018,889359.8186,852689.6781
2021-04-15,968991.9444,889359.8186,851649.7221
2021-04-16,969015.3563,889359.8186,851952.6669
2021-04-19,969036.845,889359.8186,851059.6621
2021-04-20,970122.2129,889359.8186,850337.9449
2021-04-21,970797.6929,889359.8186,850337.9449
2021-04-22,971107.554,889359.8186,849305.5843
2021-04-23,970437.5502,889359.8186,848718.7603
2021-04-26,969746.8877,889359.8186,849581.7392
2021-04-27,969824.6401,889359.8186,848718.7603
2021-04-28,969235.3396,889359.8186,848894.9904
2021-04-29,969516.9408,889359.8186,849223.5248
2021-04-30,969819.475,889359.8186,850836.5219
2021-05-03,970849.0388,889359.8186,850491.1965
2021-05-04,972239.1821,889498.1282,850517.5109
2021-05-05,968313.6979,889864.7688,848426.2201
2021-05-06,969012.4483,889315.9105,847797.9117
2021-05-07,970482.5423,889419.0967,848583.5795
2021-05-10,962832.7612,890720.9334,846573.669
2021-05-11,963843.7441,897639.2504,846722.6121
2021-05-12,959460.5197,890790.868,844708.1235
2021-05-13,954378.7862,890253.3402,844330.6022
2021-05-14,961773.1387,899134.7823,846158.8255
2021-05-17,962026.687,900196.452,846549.3707
2021-05-18,959795.7215,897893.3159,845569.3034
2021-05-19,956934.4398,898196.5344,845903.9072
2021-05-20,959716.7495,904231.9988,847217.4539
2021-05-21,962055.418,904461.5727,846742.4173
2021-05-24,962055.418,905391.9987,847404.4391
2021-05-25,961916.7078,905511.8262,847404.4391
2021-05-26,961932.8227,905972.6652,847404.4391
2021-05-27,961301.8021,906202.1575,847404.4391
2021-05-28,961800.168,905055.8116,847404.4391
2021-06-01,961750.5782,904923.9824,847404.4391
2021-06-02,961748.0993,903170.2962,847404.4391
2021-06-03,961599.8122,902356.9511,847404.4391
2021-06-04,959881.7708,902809.7753,847404.4391
2021-06-07,958988.7495,902306.5466,847404.4391
2021-06-08,959628.6882,902587.756,847404.4391
2021-06-09,960217.9823,902811.5856,847404.4391
2021-06-10,959828.4309,902967.3546,847404.4391
2021-06-11,959284.1814,903098.5411,847404.4391
2021-06-14,958266.0578,902741.6526,847404.4391
2021-06-15,958667.2014,902076.7327,847404.4391
2021-06-16,959327.7321,902936.7391,847404.4391
2021-06-17,958654.547,902732.2037,847404.4391
2021-06-18,959503.7736,903773.1328,847404.4391
2021-06-21,959177.7136,903481.4248,847404.4391
2021-06-22,958342.142,902697.5603,847404.4391
2021-06-23,957768.1669,902170.3243,846807.5059
2021-06-24,957168.5724,902170.3243,845805.6669
2021-06-25,958008.7226,902170.3243,844905.4657
2021-06-28,956228.0323,902170.3243,842875.2492
2021-06-29,957069.2372,902170.3243,843065.6787
2021-06-30,957181.2565,902170.3243,844095.5727
2021-07-01,957369.3665,902170.3243,842991.9556
2021-07-02,957260.7993,902170.3243,842492.0477
2021-07-06,959266.998,901930.5808,842022.1353
2021-07-07,961212.4723,902030.8714,842713.4813
2021-07-08,962186.9506,902095.2373,842205.5732
2021-07-09,961013.8751,902080.1554,841947.8837
2021-07-12,957143.5959,901589.7895,840158.3807
2021-07-13,959489.5821,901847.7972,841226.4814
2021-07-14,961216.8226,901794.9094,842170.0939
2021-07-15,962917.4357,903033.7844,842343.131
2021-07-16,963670.0524,901692.502,842740.2446
2021-07-19,963690.5442,903772.2787,842615.7593
2021-07-20,963154.0765,904276.2066,841726.9187
2021-07-21,965263.6173,909229.5394,842051.2102
2021-07-22,967161.9575,912381.2063,842426.5382
2021-07-23,970589.4194,917542.6383,842792.529
2021-07-26,969436.059,916826.7234,841906.1815
2021-07-27,971372.8239,918874.8619,842705.3893
2021-07-28,971233.7789,915999.1746,842568.4526
2021-07-29,966814.2961,917421.0303,840678.1134
2021-07-30,966568.8554,918719.8079,840065.0153
2021-08-02,961802.8785,917949.4951,838133.6058
2021-08-03,962442.9095,918628.2287,839298.7398
2021-08-04,963594.3252,918330.3487,838912.5918
2021-08-05,966066.2773,918768.8641,839625.5575
2021-08-06,963487.7125,918213.291,838584.7716
2021-08-09,962581.8143,917247.7302,838481.8745
2021-08-10,960419.675,916706.418,837771.5889
2021-08-11,958207.7583,916022.6909,836813.9369
2021-08-12,958004.91,914419.4404,837195.7272
2021-08-13,958431.8863,914292.4273,836876.2849
2021-08-16,958909.4148,914075.226,837044.5476
2021-08-17,955325.115,916315.3236,835132.9365
2021-08-18,955820.1233,917222.3485,835082.9393
2021-08-19,954946.7783,922661.1368,833472.4452
2021-08-20,955571.6384,925254.0427,834447.9301
2021-08-23,957968.0245,925661.4718,838622.4687
2021-08-24,958169.5625,925912.7911,840024.7138
2021-08-25,958418.9564,926075.3791,839792.8201
2021-08-26,957559.5058,926344.2217,840383.7967
2021-08-27,956582.0623,922750.2077,841104.5637
2021-08-30,955786.5589,921634.5676,841104.5637
2021-08-31,954016.139,918664.6714,841104.5637
2021-09-01,952638.9258,916683.9107,841104.5637
2021-09-02,952940.2439,916015.2424,841104.5637
2021-09-03,952508.9851,915235.7796,841104.5637
2021-09-07,951222.053,914063.3046,841104.5637
2021-09-08,951530.0236,914356.4566,841104.5637
2021-09-09,952440.525,915230.68,841104.5637
2021-09-10,954510.9557,916817.6437,841104.5637
2021-09-13,954468.8272,918462.697,841277.5786
2021-09-14,954495.428,919450.0768,841456.006
2021-09-15,954532.6316,921179.0063,843042.4579
2021-09-16,954474.5834,920427.3654,842352.7582
2021-09-17,954349.4822,917850.0283,839987.8142
2021-09-20,954308.411,912993.2505,838056.6898
2021-09-21,955345.7002,909929.7768,838723.6498
2021-09-22,952333.6881,911757.4406,841882.5678
2021-09-23,955256.0756,915676.211,844307.0672
2021-09-24,955726.0221,918566.3286,843932.4534
2021-09-27,953597.0948,915736.2776,841694.4929
2021-09-28,945355.9793,900213.6433,834370.0441
2021-09-29,941563.8488,893343.7624,831649.9067
2021-09-30,941772.7621,892646.9833,831137.4979
2021-10-01,942960.7526,896111.8771,833473.2175
2021-10-04,932369.0873,884413.9882,825133.7705
2021-10-05,932482.9055,886772.1355,830205.6833
2021-10-06,934211.2589,887150.2783,832447.1522
2021-10-07,935770.7002,888628.6671,836851.154
2021-10-08,935127.5556,888020.9537,836054.9361
2021-10-11,933472.3726,886449.8141,834108.4943
2021-10-12,933141.4494,885447.2242,832268.2899
2021-10-13,933168.8816,886510.3544,834728.1435
2021-10-14,933150.2535,889192.8463,840182.3046
2021-10-15,934039.9626,890312.9747,844651.3052
2021-10-18,931652.2159,889620.6871,846460.8795
2021-10-19,932389.1273,890511.3175,846944.6955
2021-10-20,935453.919,891529.5913,846439.5989
2021-10-21,933552.6427,889459.8052,845800.1014
2021-10-22,938533.7801,893357.6838,841373.4919
2021-10-25,934934.0019,890312.5889,841992.1242
2021-10-26,935728.7246,889749.0867,846682.1149
2021-10-27,934928.1152,890486.6855,852304.5534
2021-10-28,929744.3006,885258.8412,849877.2432
2021-10-29,928245.5363,881874.9168,847095.0326
2021-11-01,929260.5279,879575.5662,847916.7398
2021-11-02,929048.1017,878566.5277,847788.342
2021-11-03,925693.0629,875863.4937,845535.0953
2021-11-04,921403.568,874316.2158,846823.6645
2021-11-05,922666.0059,876267.3121,847839.2367
2021-11-08,920964.8895,877430.5684,848465.1019
2021-11-09,921129.8781,880580.2601,850862.5673
2021-11-10,922474.4094,887532.874,848788.0781
2021-11-11,921429.5305,887393.8776,847967.026
2021-11-12,921429.5305,885059.8746,846653.3905
2021-11-15,921839.1811,881945.7203,847571.7482
2021-11-16,921759.7422,885569.6328,845559.4437
2021-11-17,923415.6089,889443.1638,843608.8348
2021-11-18,921274.9146,884006.5517,843379.4282
2021-11-19,917997.781,887379.363,842113.1777
2021-11-22,918526.3803,890619.364,841496.5497
2021-11-23,919554.2034,890508.9053,842985.6695
2021-11-24,918512.7197,890399.5399,842768.7135
2021-11-26,920683.1841,892928.7068,843829.524
2021-11-29,920508.8307,892873.4875,843721.5456
2021-11-30,920110.8965,886431.1192,839158.8407
2021-12-01,920543.383,881386.1372,839701.5697
2021-12-02,919091.2122,881498.3274,842302.2614
2021-12-03,918384.4449,874260.2318,843322.5095
2021-12-06,921754.1707,881958.668,845312.5577
2021-12-07,924399.0702,901208.7378,851835.0758
2021-12-08,925201.6207,904015.4548,853581.5942
2021-12-09,921921.0531,889159.9886,850446.3375
2021-12-10,921687.0701,888872.5503,851382.3063
2021-12-13,919573.5619,875841.061,846866.2248
2021-12-14,918978.578,871523.8234,845451.3127
2021-12-15,926557.7043,885185.0434,853243.0411
2021-12-16,915633.7796,872355.9837,844984.0677
2021-12-17,914718.0906,868790.1993,840828.9655
2021-12-20,910558.1926,866558.7133,839652.7677
2021-12-21,917914.6019,869282.0634,844498.9522
2021-12-22,923989.5047,872715.6994,848628.266
2021-12-23,930112.2094,873120.7396,849689.814
2021-12-27,936171.3085,873850.3313,853395.8594
2021-12-28,934877.4761,872577.8674,850738.3311
2021-12-29,935199.872,872533.4038,850078.2563
2021-12-30,933916.0513,872312.9442,848733.559
2021-12-31,935961.1684,870181.7994,846790.7248
2022-01-03,936769.7341,870450.1045,848332.3637
2022-01-04,934635.5007,871529.991,846018.0838
2022-01-05,931312.7352,873255.3685,834872.4578
2022-01-06,931091.0792,875008.2611,837837.1416
2022-01-07,930033.7331,873113.9194,835027.5951
2022-01-10,931601.8401,866132.5022,836530.1997
2022-01-11,931074.8393,867180.8686,839892.4691
2022-01-12,931623.9709,865676.1804,842033.8703
2022-01-13,931123.9754,865320.1914,834508.9485
2022-01-14,929565.164,865692.0693,837388.9802
2022-01-18,930667.854,863874.5196,828427.5187
2022-01-19,929479.6133,862952.3868,826053.1021
2022-01-20,926273.5936,861736.4171,820980.0169
2022-01-21,915183.464,860840.5341,815646.6344
2022-01-24,912752.9524,860097.1806,810617.7941
2022-01-25,909358.3698,855396.7385,808631.3906
2022-01-26,908183.9702,855607.3541,808940.8795
2022-01-27,908666.9762,854202.2607,809448.8944
2022-01-28,912887.823,858553.569,810890.1178
2022-01-31,922087.2722,867292.8479,817025.0814
2022-02-01,925549.5529,871405.23,818754.6788
2022-02-02,932275.375,877918.7943,819843.0776
2022-02-03,919731.6285,877483.8699,819003.9122
2022-02-04,919808.1711,877992.9957,819754.951
2022-02-07,918265.2146,878248.8392,820924.7578
2022-02-08,918339.8637,877971.8328,820267.1328
2022-02-09,919166.7886,880210.6193,820261.8936
2022-02-10,918324.0354,880711.602,821639.3552
2022-02-11,919015.9531,881050.0415,821557.1787
2022-02-14,918954.2293,880949.3028,821557.1787
2022-02-15,917221.1997,881128.9979,821557.1787
2022-02-16,917399.966,880886.1361,821557.1787
2022-02-17,918238.4968,880601.6104,821557.1787
2022-02-18,918664.7557,880601.6104,821557.1787
2022-02-22,918564.2726,880601.6104,821557.1787
2022-02-23,918184.8988,880601.6104,821557.1787
2022-02-24,919054.7773,880601.6104,821557.1787
2022-02-25,919356.2502,880601.6104,821557.1787
2022-02-28,919458.1014,880601.6104,821557.1787
2022-03-01,919288.4011,880601.6104,821557.1787
2022-03-02,919375.3427,880601.6104,821557.1787
2022-03-03,919260.7877,880601.6104,821557.1787
2022-03-04,918921.0484,880601.6104,821557.1787
2022-03-07,917978.7217,880601.6104,821557.1787
2022-03-08,918102.4776,880601.6104,821557.1787
2022-03-09,919179.0505,880601.6104,821557.1787
2022-03-10,919010.2062,880601.6104,821557.1787
2022-03-11,918573.983,880601.6104,821557.1787
2022-03-14,917905.8454,880601.6104,821557.1787
2022-03-15,918459.3519,880601.6104,821557.1787
2022-03-16,919155.2761,880601.6104,821557.1787
2022-03-17,919250.4734,880601.6104,821557.1787
2022-03-18,919640.2429,880601.6104,821557.1787
2022-03-21,919319.0551,880601.6104,821557.1787
2022-03-22,920217.0913,880601.6104,821557.1787
2022-03-23,920307.3609,879897.1023,821557.1787
2022-03-24,916683.8634,879289.6693,821557.1787
2022-03-25,917365.4146,879234.8415,821557.1787
2022-03-28,914626.4928,875335.114,821557.1787
2022-03-29,914093.7921,874463.8155,821557.1787
2022-03-30,915271.3335,875709.8836,821557.1787
2022-03-31,915763.8092,876672.7177,821557.1787
2022-04-01,916463.5129,877089.2985,821557.1787
2022-04-04,915673.6028,874458.5973,821557.1787
2022-04-05,917415.5395,878067.2377,821557.1787
2022-04-06,919273.2814,882508.6282,821557.1787
2022-04-07,919515.8551,882367.8239,821557.1787
2022-04-08,920843.3382,884573.2191,821557.1787
2022-04-11,922308.5647,887462.8864,820066.3907
2022-04-12,922812.006,887721.171,819241.0806
2022-04-13,921959.935,886608.1437,819241.0806
2022-04-14,923111.8753,887782.4466,819241.0806
2022-04-18,922471.9069,887176.2844,819241.0806
2022-04-19,921966.0283,886426.5149,819241.0806
2022-04-20,922838.8235,888027.5519,819241.0806
2022-04-21,924135.9387,887035.1914,819241.0806
2022-04-22,924135.9387,887152.4031,819241.0806
2022-04-25,924135.9387,887373.3106,819241.0806
2022-04-26,924135.9387,891083.8718,819241.0806
2022-04-27,924135.9387,891083.8718,819241.0806
2022-04-28,924135.9387,891083.8718,819241.0806
2022-04-29,924135.9387,891083.8718,819241.0806
2022-05-02,924135.9387,891083.8718,819241.0806
2022-05-03,924135.9387,891083.8718,819241.0806
2022-05-04,924135.9387,891083.8718,819241.0806
2022-05-05,924135.9387,891083.8718,819241.0806
2022-05-06,924135.9387,891083.8718,819241.0806
2022-05-09,924135.9387,891083.8718,819241.0806
2022-05-10,924135.9387,891083.8718,819241.0806
2022-05-11,924135.9387,891083.8718,819241.0806
2022-05-12,924135.9387,891083.8718,819241.0806
2022-05-13,924135.9387,891083.8718,819241.0806
2022-05-16,924135.9387,891083.8718,819241.0806
2022-05-17,924135.9387,891083.8718,819241.0806
2022-05-18,924135.9387,891083.8718,819241.0806
2022-05-19,924135.9387,891083.8718,819241.0806
2022-05-20,924135.9387,891083.8718,819241.0806
2022-05-23,924135.9387,891083.8718,819241.0806
2022-05-24,924135.9387,891083.8718,819241.0806
2022-05-25,924135.9387,891083.8718,819241.0806
2022-05-26,924135.9387,891083.8718,819241.0806
2022-05-27,924135.9387,891083.8718,819241.0806
2022-05-31,924135.9387,891083.8718,819241.0806
2022-06-01,924135.9387,891083.8718,819241.0806
2022-06-02,924135.9387,891083.8718,819241.0806
2022-06-03,924135.9387,891083.8718,819241.0806
2022-06-06,924135.9387,891083.8718,819241.0806
2022-06-07,924135.9387,891083.8718,819241.0806
2022-06-08,924135.9387,891083.8718,819241.0806
2022-06-09,924135.9387,891083.8718,819241.0806
2022-06-10,924135.9387,891083.8718,819241.0806
2022-06-13,924135.9387,891083.8718,819241.0806
2022-06-14,924135.9387,891083.8718,819241.0806
2022-06-15,924135.9387,891083.8718,819241.0806
2022-06-16,924135.9387,891083.8718,819241.0806
2022-06-17,924135.9387,891083.8718,819241.0806
2022-06-21,924135.9387,891083.8718,819241.0806
2022-06-22,924135.9387,891083.8718,819241.0806
2022-06-23,924135.9387,891083.8718,819241.0806
2022-06-24,924135.9387,891083.8718,819241.0806
2022-06-27,924135.9387,891083.8718,819241.0806
2022-06-28,924135.9387,891083.8718,819241.0806
2022-06-29,924135.9387,891083.8718,819241.0806
2022-06-30,924135.9387,891083.8718,819241.0806
2022-07-01,924135.9387,891083.8718,819241.0806
2022-07-05,924135.9387,891083.8718,819241.0806
2022-07-06,924135.9387,891083.8718,819241.0806
2022-07-07,924135.9387,891083.8718,819241.0806
2022-07-08,924135.9387,891083.8718,819241.0806
2022-07-11,924135.9387,891083.8718,819241.0806
2022-07-12,924135.9387,891083.8718,819241.0806
2022-07-13,924135.9387,891083.8718,819241.0806
2022-07-14,924135.9387,891083.8718,819241.0806
2022-07-15,924135.9387,891083.8718,819241.0806
2022-07-18,924135.9387,891083.8718,819241.0806
2022-07-19,924135.9387,891083.8718,819241.0806
2022-07-20,924135.9387,891083.8718,815863.6048
2022-07-21,923737.0983,891083.8718,814099.9953
2022-07-22,925293.2359,891083.8718,819728.5764
2022-07-25,925921.2361,891083.8718,821806.2716
2022-07-26,926916.0945,891083.8718,827819.0441
2022-07-27,926916.0945,891083.8718,818900.7902
2022-07-28,926916.0945,891083.8718,819050.3984
2022-07-29,926916.0945,891083.8718,812344.1172
2022-08-01,927417.1563,891083.8718,810958.5883
2022-08-02,926959.4338,891223.4619,810868.7125
2022-08-03,926017.7144,889312.8183,806749.5785
2022-08-04,925846.7025,888643.5097,805611.3228
2022-08-05,928676.4692,888643.5097,806315.0815
2022-08-08,928364.8683,888643.5097,805676.4112
2022-08-09,929345.3074,888643.5097,806026.2555
2022-08-10,927820.9499,888643.5097,804030.934
2022-08-11,928889.4291,888643.5097,805500.0184
2022-08-12,928454.05,888643.5097,802654.5116
2022-08-15,928454.05,888643.5097,802415.285
2022-08-16,928454.05,888643.5097,803353.3424
2022-08-17,928454.05,888643.5097,805920.6526
2022-08-18,928454.05,888643.5097,805115.5262
2022-08-19,928454.05,888643.5097,808409.6572
2022-08-22,928454.05,888643.5097,812809.8538
2022-08-23,928454.05,888643.5097,813656.1539
2022-08-24,928454.05,888643.5097,812599.0609
2022-08-25,928454.05,888643.5097,809495.196
2022-08-26,928454.05,888643.5097,814402.8861
2022-08-29,928454.05,888247.1923,814755.5774
2022-08-30,928454.05,887978.3057,815705.8473
2022-08-31,928454.05,886805.3933,812542.1171
2022-09-01,928454.05,886369.4865,811850.5357
2022-09-02,928454.05,885310.7494,811481.1157
2022-09-06,928670.3448,884406.2643,813100.0186
2022-09-07,930104.9201,884406.2643,812858.1332
2022-09-08,930915.3232,884406.2643,813797.8717
2022-09-09,930915.3232,884406.2643,814318.8799
2022-09-12,930915.3232,884406.2643,814532.201
2022-09-13,930915.3232,884406.2643,815460.5014
2022-09-14,930915.3232,884406.2643,816008.7219
2022-09-15,930915.3232,884406.2643,814603.0974
2022-09-16,930915.3232,884406.2643,813894.5122
2022-09-19,930915.3232,884406.2643,814161.8756
2022-09-20,930915.3232,884406.2643,814224.9856
2022-09-21,930915.3232,884406.2643,814010.0831
2022-09-22,930915.3232,884406.2643,812382.5683
2022-09-23,930915.3232,884406.2643,812111.7159
2022-09-26,930915.3232,884406.2643,811930.9234
2022-09-27,930915.3232,884406.2643,811890.8662
2022-09-28,930915.3232,884406.2643,809012.3911
2022-09-29,930915.3232,884406.2643,809466.5382
2022-09-30,930715.2573,884406.2643,809466.5382
2022-10-03,928388.9303,884406.2643,806616.5924
2022-10-04,929936.0248,883869.5341,808232.2657
2022-10-05,929827.7267,880544.7103,806251.6902
2022-10-06,929822.5752,879512.2076,805636.6351
2022-10-07,928409.5524,876599.4414,802180.3842
2022-10-10,927986.6871,876420.4559,802155.1392
2022-10-11,927636.0111,875521.7934,800672.5756
2022-10-12,927831.9693,875966.7205,800842.406
2022-10-13,928605.5225,879947.3672,798446.5275
2022-10-14,927316.2724,874504.1316,798446.5275
2022-10-17,929074.8116,883323.9612,798446.5275
2022-10-18,929487.3619,885462.5859,798446.5275
2022-10-19,928899.4676,884891.1811,798446.5275
2022-10-20,929074.8116,885819.9161,798892.3862
2022-10-21,929673.0169,882211.7311,796661.5414
2022-10-24,930129.3085,882887.7474,796891.8513
2022-10-25,930442.9364,881722.5452,796315.8738
2022-10-26,930442.9364,881722.5452,796315.8738
2022-10-27,930442.9364,881722.5452,796315.8738
2022-10-28,930442.9364,881722.5452,796315.8738
2022-10-31,930442.9364,881722.5452,796315.8738
2022-11-01,930442.9364,881722.5452,796315.8738
2022-11-02,930442.9364,881722.5452,796315.8738
2022-11-03,930442.9364,881722.5452,796315.8738
2022-11-04,930442.9364,881722.5452,796315.8738
2022-11-07,930442.9364,881722.5452,796096.5463
2022-11-08,930442.9364,881722.5452,795369.3604
2022-11-09,930442.9364,881722.5452,797364.8977
2022-11-10,930442.9364,881722.5452,793931.4031
2022-11-11,930442.9364,881722.5452,792774.7942
2022-11-14,930442.9364,881722.5452,792843.3604
2022-11-15,930442.9364,881722.5452,791581.9295
2022-11-16,930442.9364,881722.5452,791581.9295
2022-11-17,930442.9364,881722.5452,791581.9295
2022-11-18,930442.9364,881722.5452,791581.9295
2022-11-21,930442.9364,881722.5452,791581.9295
2022-11-22,930442.9364,881722.5452,791581.9295
2022-11-23,930442.9364,881722.5452,791581.9295
2022-11-25,930442.9364,881722.5452,791581.9295
2022-11-28,930442.9364,881722.5452,791581.9295
2022-11-29,930442.9364,881722.5452,791581.9295
2022-11-30,930442.9364,881722.5452,791581.9295
2022-12-01,930442.9364,881722.5452,791581.9295
2022-12-02,930442.9364,881722.5452,789671.6697
2022-12-05,930442.9364,881722.5452,789426.5053
2022-12-06,930442.9364,881722.5452,791874.6501
2022-12-07,930442.9364,881722.5452,791930.6259
2022-12-08,930442.9364,881722.5452,791518.1825
2022-12-09,930442.9364,881722.5452,791350.2621
2022-12-12,930442.9364,881722.5452,791700.8367
2022-12-13,930442.9364,881722.5452,790098.1961
2022-12-14,930442.9364,881722.5452,789673.9735
2022-12-15,930442.9364,881722.5452,791276.6073
2022-12-16,930442.9364,881722.5452,790310.3153
2022-12-19,930442.9364,881722.5452,791768.5917
2022-12-20,930442.9364,881722.5452,790999.6898
2022-12-21,930442.9364,881722.5452,790213.0975
2022-12-22,930442.9364,881722.5452,790990.8469
2022-12-23,930419.3397,881722.5452,790719.811
2022-12-27,927572.9656,881722.5452,791061.5495
2022-12-28,927349.9804,881722.5452,791653.9004
2022-12-29,928837.4403,881722.5452,791655.9943
2022-12-30,928866.2928,881722.5452,791658.9869
2023-01-03,928081.9048,881722.5452,789640.7849
2023-01-04,929220.457,881722.5452,789734.7342
2023-01-05,927950.7384,881722.5452,788288.6804
2023-01-06,929509.0266,881722.5452,788839.943
2023-01-09,931526.4036,881722.5452,790854.4009
2023-01-10,932263.5769,881722.5452,790523.7755
2023-01-11,932504.9268,881722.5452,790774.5832
2023-01-12,933842.853,881722.5452,791562.9964
2023-01-13,934860.7264,881722.5452,791214.6877
2023-01-17,936967.3015,881722.5452,794495.202
2023-01-18,936114.7008,881722.5452,795780.9122
2023-01-19,934509.1904,881722.5452,796786.2026
2023-01-20,937326.7095,881722.5452,792748.4822
2023-01-23,940878.7636,881722.5452,789024.686
2023-01-24,941161.2414,881722.5452,789820.8007
2023-01-25,941161.2414,881722.5452,791744.5635
2023-01-26,941161.2414,881722.5452,791744.5635
2023-01-27,934339.7624,876808.9063,783125.6037
2023-01-30,942187.6969,881419.9649,789884.903
2023-01-31,942748.781,880457.9845,785223.8076
2023-02-01,937729.5089,877861.4751,780488.5247
2023-02-02,929198.0504,866265.0702,763269.4586
2023-02-03,931788.6603,874547.6447,762415.5522
2023-02-06,932940.8206,874672.5695,762820.4208
2023-02-07,929599.4886,867717.0892,762082.3899
2023-02-08,931274.9799,872558.9715,763835.4614
2023-02-09,932326.4543,871304.0324,765145.4472
2023-02-10,934659.2495,871686.9815,765511.7681
2023-02-13,933747.2309,871313.6142,765239.4153
2023-02-14,933679.953,871310.0793,765216.8374
2023-02-15,933789.0114,871474.133,765010.8079
2023-02-16,934595.929,871770.7107,765268.4836
2023-02-17,934721.5399,871770.7107,765268.4836
2023-02-21,935199.3223,871770.7107,765268.4836
2023-02-22,935324.2283,871770.7107,765268.4836
2023-02-23,935324.2283,870659.1582,765268.4836
2023-02-24,935324.2283,869755.3454,765268.4836
2023-02-27,935324.2283,870572.9482,765268.4836
2023-02-28,935324.2283,870447.805,765268.4836
2023-03-01,935324.2283,869245.0392,765268.4836
2023-03-02,935408.7426,868840.5924,765337.6319
2023-03-03,935933.6853,868743.7218,765767.1323
2023-03-06,935432.6026,868284.3887,765357.1539
2023-03-07,934866.3023,867765.2717,764893.8153
2023-03-08,935394.4278,868249.3945,765325.9197
2023-03-09,935378.5034,866596.1634,763502.4937
2023-03-10,934937.1912,866596.1634,762849.1314
2023-03-13,936183.1948,866596.1634,762946.7461
2023-03-14,938460.4605,866596.1634,763132.8625
2023-03-15,939342.3377,866596.1634,764284.705
2023-03-16,941278.1339,866596.1634,764360.0718
2023-03-17,939218.1766,866596.1634,763942.8294
2023-03-20,939232.6018,866596.1634,764648.5144
2023-03-21,942545.4811,866596.1634,761697.2706
2023-03-22,941058.9607,866596.1634,762488.3086
2023-03-23,941306.3301,866596.1634,762484.1661
2023-03-24,940887.8861,866596.1634,762724.3769
2023-03-27,941211.5435,866596.1634,762761.6494
2023-03-28,941199.9848,866596.1634,763092.9748
2023-03-29,941199.9848,866596.1634,761846.3667
2023-03-30,941199.9848,866596.1634,761121.5952
2023-03-31,941199.9848,866596.1634,760587.3346
2023-04-03,941199.9848,866596.1634,760951.79
2023-04-04,941199.9848,866596.1634,760313.9938
2023-04-05,941199.9848,866596.1634,761494.3355
2023-04-06,941199.9848,866596.1634,761096.7469
2023-04-10,941199.9848,866596.1634,761051.1895
2023-04-11,941199.9848,866596.1634,761983.0387
2023-04-12,941199.9848,866596.1634,762848.6216
2023-04-13,941199.9848,866596.1634,760955.9324
2023-04-14,941199.9848,866596.1634,760910.3751
2023-04-17,941199.9848,866596.1634,760815.1212
2023-04-18,941199.9848,866596.1634,760997.3473
2023-04-19,941199.9848,866596.1634,760169.0369
2023-04-20,941199.9848,866596.1634,760371.9753
2023-04-21,941199.9848,866596.1634,759067.3858
2023-04-24,941199.9848,866596.1634,759378.0022
2023-04-25,941199.9848,866596.1634,760885.5268
2023-04-26,941199.9848,866596.1634,759887.4113
2023-04-27,941199.9848,866596.1634,757727.105
2023-04-28,941199.9848,866596.1634,757727.105
2023-05-01,941199.9848,866596.1634,757727.105
2023-05-02,941199.9848,866596.1634,757727.105
2023-05-03,941199.9848,866596.1634,757727.105
2023-05-04,941199.9848,866596.1634,757727.105
2023-05-05,941199.9848,866596.1634,757727.105
2023-05-08,941199.9848,866596.1634,757727.105
2023-05-09,941199.9848,866596.1634,757727.105
2023-05-10,941199.9848,866596.1634,757727.105
2023-05-11,941199.9848,866596.1634,757727.105
2023-05-12,941199.9848,866596.1634,757727.105
2023-05-15,941199.9848,866596.1634,757727.105
2023-05-16,941199.9848,866596.1634,757727.105
2023-05-17,940807.2582,866596.1634,757727.105
2023-05-18,937926.361,866596.1634,756469.0663
2023-05-19,938476.6551,866596.1634,757006.7307
2023-05-22,937193.6207,866596.1634,756148.0525
2023-05-23,939142.1384,866596.1634,757761.5902
2023-05-24,938858.94,866596.1634,758633.0504
2023-05-25,927243.6203,866596.1634,748193.4148
2023-05-26,917547.6216,866596.1634,746740.9098
2023-05-30,916412.7755,866596.1634,745628.5043
2023-05-31,916832.6626,866596.1634,747336.4399
2023-06-01,908938.4617,866596.1634,745324.1681
2023-06-02,908265.6331,866551.1992,745265.5868
2023-06-05,906718.1296,866739.8258,744986.674
2023-06-06,905413.2228,866781.5756,744378.2232
2023-06-07,906348.8614,869882.3315,747924.9888
2023-06-08,903423.6741,870292.7133,745556.7255
2023-06-09,903769.0334,870292.7133,743124.9952
2023-06-12,900394.4053,869960.9181,740830.558
2023-06-13,895714.9942,868621.6274,738255.7021
2023-06-14,894899.1066,868352.3762,737351.8032
2023-06-15,894062.8106,868352.3762,735258.0679
2023-06-16,895639.6474,869489.2075,736890.4692
2023-06-20,892289.9657,867996.2898,734518.0019
2023-06-21,896791.5023,869079.4085,737073.3727
2023-06-22,895876.4406,868607.7994,737145.1084
2023-06-23,896905.9617,868589.7599,736463.9966
2023-06-26,903089.2885,869110.3123,738716.4871
2023-06-27,900389.4676,869449.2658,738399.917
2023-06-28,900853.6743,871380.5457,738821.3185
2023-06-29,900617.1288,870766.9032,738568.1975
2023-06-30,897152.9515,870645.812,737012.3215
2023-07-03,894731.0463,870848.2223,737207.4286
2023-07-05,895831.1895,869493.7175,738043.5024
2023-07-06,896715.4562,870862.3112,737409.616
2023-07-07,896640.6525,871447.0957,736949.1828
2023-07-10,893116.3167,872303.9058,733946.0867
2023-07-11,893409.4725,872536.7605,734704.5281
2023-07-12,893476.1272,873295.6434,735821.6268
2023-07-13,896332.8504,870985.2631,739930.2632
2023-07-14,898642.4008,871873.799,742119.9648
2023-07-17,895341.715,872591.3518,741032.2416
2023-07-18,890432.012,871323.4318,738152.5325
2023-07-19,887252.3259,870251.9172,737091.8734
2023-07-20,893535.2287,880278.6875,738574.2005
2023-07-21,895180.2652,880935.0701,739481.835
2023-07-24,897620.6445,880935.0701,739773.0272
2023-07-25,897816.3198,880935.0701,739458.7596
2023-07-26,905097.5064,880935.0701,739008.2364
2023-07-27,901597.0793,881879.537,737564.3752
2023-07-28,904271.5948,885036.2588,736051.2808
2023-07-31,904703.9231,887088.7626,736807.2829
2023-08-01,905259.1205,885250.8414,736355.6662
2023-08-02,908640.7986,885904.7096,737278.681
2023-08-03,908782.3642,887423.5013,737401.7399
2023-08-04,909093.342,885831.831,737672.064
2023-08-07,907797.6296,883273.6122,737031.4459
2023-08-08,908756.3325,884155.9725,737462.1844
2023-08-09,911342.6848,884964.8018,738278.6173
2023-08-10,910979.5077,884690.0349,738220.3769
2023-08-11,911618.4029,884748.0826,738670.9034
2023-08-14,909354.1775,885483.8698,743294.3855
2023-08-15,911769.9684,885227.522,744058.1751
2023-08-16,914278.2737,883743.0609,744176.6802
2023-08-17,915116.5924,881058.3576,742424.6049
2023-08-18,919499.5793,881058.3576,742865.1536
2023-08-21,921712.6996,882731.0547,748739.1927
2023-08-22,922851.3544,885010.0079,747911.6079
2023-08-23,928043.8751,888196.391,752993.6025
2023-08-24,917828.6171,882513.8012,753653.2337
2023-08-25,921670.1436,884708.4954,755497.2635
2023-08-28,923198.4348,885085.4941,755908.6223
2023-08-29,929005.8201,890328.967,758326.1271
2023-08-30,930315.3621,887590.5473,759274.4824
2023-08-31,932338.5611,887111.8625,759073.8701
2023-09-01,935495.1083,889375.0028,760330.2401
2023-09-05,935023.1868,883443.2345,759917.2645
2023-09-06,936777.3348,885655.9034,759917.2645
2023-09-07,937239.1975,885680.8882,759917.2645
2023-09-08,936714.7989,886049.6761,759917.2645
2023-09-11,936148.1332,879089.0057,759917.2645
2023-09-12,938458.1452,880486.4661,759917.2645
2023-09-13,937538.9219,882930.1898,759917.2645
2023-09-14,934382.3486,884209.1965,758430.2733
2023-09-15,935316.6084,884381.6234,757923.8158
2023-09-18,935214.6751,884381.6234,757561.4463
2023-09-19,935181.7561,884381.6234,757818.2424
2023-09-20,935938.38,884381.6234,756405.8693
2023-09-21,936128.4018,884381.6234,756099.1409
2023-09-22,936788.3509,884381.6234,753973.8143
2023-09-25,939113.2169,884381.6234,756302.1483
2023-09-26,936661.4473,884381.6234,751680.7429
2023-09-27,937277.6343,884381.6234,752866.2719
2023-09-28,939006.4624,884381.6234,753931.4653
2023-09-29,939835.0319,884381.6234,753058.8588
2023-10-02,941217.4081,884381.6234,755050.8333
2023-10-03,940022.6758,884381.6234,754003.6888
2023-10-04,942646.118,884381.6234,755705.9285
2023-10-05,942400.2392,884381.6234,755705.9285
2023-10-06,942451.951,884381.6234,755705.9285
2023-10-09,941043.5723,882853.6076,755705.9285
2023-10-10,940957.1229,884478.2422,755705.9285
2023-10-11,939415.9825,883790.5796,755705.9285
2023-10-12,939344.3789,885551.3657,755705.9285
2023-10-13,939568.6728,888079.7635,755705.9285
2023-10-16,939063.4295,885890.3408,755705.9285
2023-10-17,938087.0794,886348.4524,755705.9285
2023-10-18,937193.4331,889423.0832,755705.9285
2023-10-19,941735.7865,876625.5599,755705.9285
2023-10-20,943017.4882,876119.2546,755705.9285
2023-10-23,942495.2237,877395.1588,755705.9285
2023-10-24,943439.5868,877072.1774,755033.8962
2023-10-25,944599.6603,870372.066,755399.2187
2023-10-26,942571.4439,869502.487,755863.3582
2023-10-27,944004.4127,871371.0963,756634.0184
2023-10-30,945762.4152,871312.82,756179.6595
2023-10-31,944319.8834,870781.3963,755719.4345
2023-11-01,949920.2819,875115.5527,755858.5478
2023-11-02,952538.613,875218.5321,755803.2223
2023-11-03,953117.395,876617.2562,756072.7786
2023-11-06,952628.9126,876581.1718,755884.6838
2023-11-07,952652.6198,876533.9774,755893.9064
2023-11-08,952858.2566,876533.9774,755749.1855
2023-11-09,952693.9083,876533.9774,755855.5978
2023-11-10,951878.7864,876533.9774,754997.9237
2023-11-13,954610.9358,876311.432,755183.7866
2023-11-14,956590.8677,875035.3794,754623.241
2023-11-15,954071.8747,874601.7854,754623.241
2023-11-16,953688.8479,876221.8664,754320.286
2023-11-17,953776.8077,875468.7925,754389.8578
2023-11-20,953052.8328,873545.1363,753817.2297
2023-11-21,953012.2357,872959.9843,753785.1195
2023-11-22,952754.2768,873067.8106,753540.6971
2023-11-24,952622.3355,873021.111,753540.6971
2023-11-27,952655.3216,873507.7339,753540.6971
2023-11-28,952669.6982,870375.3184,753540.6971
2023-11-29,952822.7817,872389.228,753540.6971
2023-11-30,953095.1204,872531.6948,753540.6971
2023-12-01,953791.1843,873142.3138,753339.3988
2023-12-04,954836.7895,871019.2097,751556.0453
2023-12-05,957600.0029,872599.9431,751347.0493
2023-12-06,954505.1289,870212.3582,751185.7939
2023-12-07,962037.2819,877087.7714,752940.3337
2023-12-08,964855.213,878134.8202,754122.8355
2023-12-11,964197.2947,876088.8812,752688.8842
2023-12-12,965898.9316,879358.9856,754405.022
2023-12-13,966348.8647,880610.2148,754504.8388
2023-12-14,966710.1626,876609.7678,754203.4661
2023-12-15,967153.9604,877644.7332,754539.4024
2023-12-18,968954.972,884154.583,756401.4418
2023-12-19,967227.5405,885659.2927,757503.3248
2023-12-20,967027.7111,885743.134,758202.0431
2023-12-21,965566.7171,885830.7448,758202.0431
2023-12-22,965533.0653,886043.3783,758202.0431
2023-12-26,965519.3946,885536.938,758202.0431
2023-12-27,965157.0134,885231.1637,758202.0431
2023-12-28,965137.7253,885558.7996,758202.0431
2023-12-29,966148.8824,886974.332,758202.0431
2024-01-02,967972.3394,888043.4771,758202.0431
2024-01-03,967727.6188,887915.5149,758202.0431
2024-01-04,966685.283,889856.8303,758457.4251
2024-01-05,966654.9163,892190.0881,760095.9249
2024-01-08,967928.3527,896269.3302,766542.5379
2024-01-09,967426.1442,893679.9348,770381.2102
2024-01-10,967085.2347,893263.7568,771354.4409
2024-01-11,966131.6147,891538.9682,771208.1068
2024-01-12,961581.7422,890098.7006,771625.2073
2024-01-16,962583.3113,891722.8203,771508.1243
2024-01-17,960660.5195,890817.0138,770544.6313
2024-01-18,958560.0355,885223.1213,770544.6313
2024-01-19,957498.6545,882090.4649,770544.6313
2024-01-22,956884.7517,883377.7673,770544.6313
2024-01-23,956887.8201,882397.7288,770544.6313
2024-01-24,953364.2598,879579.7077,770544.6313
2024-01-25,944809.6196,877365.1935,769627.8799
2024-01-26,944407.6596,875082.7626,768909.1577
2024-01-29,944244.7864,875224.726,768450.7809
2024-01-30,946330.2259,878206.2388,769555.3255
2024-01-31,949102.7407,883271.651,769447.7736
2024-02-01,948114.1634,881467.0718,769157.5528
2024-02-02,947033.2056,870171.9116,769402.5321
2024-02-05,945780.1587,868918.3252,770374.0808
2024-02-06,948541.7995,871792.6152,771258.1542
2024-02-07,946205.6935,869263.7032,769835.743
2024-02-08,946236.1896,870211.5577,769870.3002
2024-02-09,946130.8595,868401.3869,769775.8353
2024-02-12,946083.2418,868162.0118,770011.9722
2024-02-13,946904.0605,869397.0377,770963.7132
2024-02-14,945673.7628,865360.6302,767845.4704
2024-02-15,944668.7816,866786.0195,765822.0883
2024-02-16,945670.027,867698.8916,767448.0722
2024-02-20,946947.4367,869895.7024,768320.3001
2024-02-21,948506.5851,871134.081,768717.2967
2024-02-22,948167.2372,870279.015,766049.1618
2024-02-23,948259.0312,869997.9892,766628.1002
2024-02-26,942497.0338,871819.0433,766453.2628
2024-02-27,943850.4471,871953.6248,764852.4116
2024-02-28,942028.0115,873333.0049,765526.0254
2024-02-29,942405.6189,871083.2123,764511.3069
2024-03-01,938449.6809,867978.6699,763366.8615
2024-03-04,933711.3681,866437.362,763655.6793
2024-03-05,935512.0854,869826.9519,764206.2058
2024-03-06,935596.2478,867283.1849,763800.7394
2024-03-07,935674.4463,865104.7552,763669.8563
2024-03-08,936468.0457,870227.6072,765948.5647
2024-03-11,937588.0696,875922.4565,768696.0968
2024-03-12,936465.6501,871721.3098,765358.3494
2024-03-13,934260.7325,873869.8874,764071.3473
2024-03-14,932173.3458,877901.2116,763690.7006
2024-03-15,933990.5107,878316.0189,764519.6062
2024-03-18,929339.5905,869661.6562,765870.8808
2024-03-19,929053.6278,869612.8314,764993.1201
2024-03-20,928358.0984,868198.3802,765051.6418
2024-03-21,930535.0939,868691.892,763839.1651
2024-03-22,927380.1423,865918.4768,762228.0328
2024-03-25,927520.6469,866068.6522,762862.2475
2024-03-26,926545.332,866452.3155,764224.3716
2024-03-27,929293.1384,869015.2085,764883.8017
2024-03-28,929061.5561,869620.1763,764484.6278
2024-04-01,929061.5561,867269.6471,763949.053
2024-04-02,929061.5561,867963.4996,761468.4139
2024-04-03,929061.5561,866723.0248,761241.8442
2024-04-04,930163.9842,870556.6348,761609.3319
2024-04-05,929602.8688,867805.6347,759490.1894
2024-04-08,928787.5833,868014.4616,760793.8694
2024-04-09,927060.9529,869030.8361,760433.0682
2024-04-10,928481.5269,868358.8627,760432.0133
2024-04-11,930764.4773,866257.1668,763180.4358
2024-04-12,929451.6016,867800.2376,761407.0912
2024-04-15,928237.3114,870181.8664,759812.5546
2024-04-16,928613.8944,868619.1723,760844.4469
2024-04-17,929210.4363,870337.6034,758377.8362
2024-04-18,929452.1375,870384.8406,758841.9641
2024-04-19,922666.8295,876070.5088,755850.2306
2024-04-22,921419.2568,876070.5088,757405.4971
2024-04-23,934171.9615,876070.5088,763533.4037
2024-04-24,935035.1732,876070.5088,757614.8393
2024-04-25,941697.4667,876070.5088,761507.8561
2024-04-26,944676.1193,876070.5088,764807.3155
