regla,nivel,activo,retorno_total,cagr,sharpe,mdd,calmar,pnl_neto,n_operaciones,turnover_anual,costos_totales,pnl_bruto
2 de 3,portafolio,portafolio,-0.05532388073,-0.006832247211,-0.09736371891,0.1580582324,-0.04322613955,-55323.88073,624,5.273725075,104402.2338,49078.35305
2 de 3,activo,NVDA,-0.4133563657,-0.06222503929,-0.09595708935,0.562214551,-0.1106784575,-413356.3657,119,14.53221886,248001.4595,-165354.9062
2 de 3,activo,AMZN,0.00349913837,0.0004208551306,0.08724536144,0.6151642293,0.0006841345945,3499.13837,101,12.23769145,171289.4829,174788.6212
2 de 3,activo,TSLA,-0.8809867814,-0.2261670413,-0.6772233789,0.9031107552,-0.2504311238,-880986.7814,113,13.8992752,149127.1034,-731859.678
2 de 3,activo,META,0.3169447646,0.03372013516,0.2637399794,0.4149737757,0.08125847255,316944.7646,94,11.34012218,261647.4903,578592.2549
2 de 3,activo,NFLX,0.1863467146,0.02079715475,0.2054067369,0.4149595667,0.05011850894,186346.7146,97,11.80118529,287348.9088,473695.6235
2 de 3,activo,GOOGL,-0.0201004699,-0.002442956946,0.0684788969,0.3572834752,-0.006837587281,-20100.4699,105,12.6701711,254130.7443,234030.2744
solo EMA,portafolio,portafolio,0.100411117,0.01159265072,0.270002365,0.09010657358,0.1286548834,100411.117,1424,6.854014862,145064.4284,245475.5454
solo EMA,activo,NVDA,5.077708939,0.2428205879,0.7199698193,0.6538495819,0.3713707169,5077708.939,292,35.27837465,2173048.379,7250757.318
solo EMA,activo,AMZN,0.09755008889,0.01127546855,0.1819664807,0.6304395081,0.01788509191,97550.08889,233,28.20158509,650992.892,748542.9809
solo EMA,activo,TSLA,-0.9371856891,-0.2835011927,-0.4338736097,0.9531554907,-0.2974343593,-937185.6891,242,29.64331578,284263.2311,-652922.458
solo EMA,activo,META,0.2292007399,0.02516994315,0.2289108343,0.5886774747,0.04275676279,229200.7399,207,25.04006664,407472.4694,636673.2093
solo EMA,activo,NFLX,1.250663988,0.1026532241,0.4515958782,0.5297445016,0.1937787438,1250663.988,226,27.3272263,734946.1453,1985610.134
solo EMA,activo,GOOGL,-0.3836253384,-0.05662375769,-0.1160280083,0.5533566355,-0.1023277829,-383625.3384,225,27.19481658,455256.0663,71630.72792
solo RSI,portafolio,portafolio,-0.07460741292,-0.009296563942,-0.2686729816,0.09406946008,-0.09882658978,-74607.41292,827,4.037578167,80669.49087,6062.077952
solo RSI,activo,NVDA,-0.8733987941,-0.2203841538,-0.6479845476,0.8847740597,-0.2490852341,-873398.7941,165,20.21888351,198881.9746,-674516.8196
solo RSI,activo,AMZN,0.05421955866,0.006380588162,0.1373561669,0.643321859,0.009918189586,54219.55866,148,17.98487027,261750.2841,315969.8428
solo RSI,activo,TSLA,-0.6468221224,-0.1178309897,-0.1434767688,0.8569518459,-0.1375001294,-646822.1224,136,16.67348865,177426.8843,-469395.238
solo RSI,activo,META,-0.1341977365,-0.01720819145,0.0541062055,0.5325875625,-0.03231053945,-134197.7365,124,15.06114699,346031.3376,211833.6011
solo RSI,activo,NFLX,-0.4608578223,-0.07171511701,-0.1108429767,0.6212112499,-0.1154440088,-460857.8223,136,16.43475628,290510.1567,-170347.6657
solo RSI,activo,GOOGL,-0.3091624051,-0.04357392733,-0.149685843,0.6149005261,-0.07086337623,-309162.4051,119,14.34579438,263757.1512,-45405.25387
solo Bollinger,portafolio,portafolio,-0.07389245051,-0.009204393386,-0.2570406452,0.1075436831,-0.08558748521,-73892.45051,863,4.139985471,82697.36662,8804.916109
solo Bollinger,activo,NVDA,-0.8138639838,-0.1833338,-0.4139780677,0.831474417,-0.2204924123,-813863.9838,167,20.35644171,224144.0947,-589719.8891
solo Bollinger,activo,AMZN,-0.3864769432,-0.05715056722,-0.1592452168,0.6353223151,-0.08995523352,-386476.9432,148,17.98815841,263080.2234,-123396.7198
solo Bollinger,activo,TSLA,-0.9313980298,-0.2758535667,-0.5962372088,0.9449357053,-0.2919283981,-931398.0298,156,19.12963388,179320.7042,-752077.3256
solo Bollinger,activo,META,0.2410163969,0.02635200728,0.2308267771,0.4428371665,0.05950721681,241016.3969,123,14.85602923,355460.3787,596476.7756
solo Bollinger,activo,NFLX,-0.1509479753,-0.01951827168,0.05378377934,0.5470182381,-0.03568120827,-150947.9753,135,16.42499705,301716.2718,150768.2965
solo Bollinger,activo,GOOGL,0.4182489848,0.04298949832,0.3205258502,0.3078454539,0.139646364,418248.9848,134,16.11698849,382791.0775,801040.0624
