regimen,n_dias,proporcion,media_anualizada,volatilidad,sharpe,sortino,mdd,dias_positivos,media_diaria,ic_inf,ic_sup,sistema,kruskal_p
Tendencia,842,0.4024856597,-0.03426267033,0.07390948741,-0.4635760784,-0.6198145287,0.1605320697,0.4619952494,-0.0001359629775,-0.0004548390793,0.0001563206077,RP,0.09394589716
Reversión,695,0.3322179732,0.02432566343,0.03936722397,0.617916657,0.8871758269,0.03908536164,0.5021582734,9.653041045e-05,-0.000107303217,0.0002893130537,RP,0.09394589716
Crisis,555,0.2652963671,0.001377143071,0.0335371639,0.04106319409,0.04386626661,0.05208370871,0.2738738739,5.464853455e-06,-0.0001998033231,0.000148727531,RP,0.09394589716
Tendencia,842,0.4024856597,-0.05021105967,0.07464843704,-0.6726337705,-0.9063292949,0.2000248889,0.4655581948,-0.0001992502368,-0.0005266446146,0.0001061177357,EW,0.08380814366
Reversión,695,0.3322179732,0.02068101912,0.04118487501,0.5021508287,0.7231109602,0.04264510011,0.4920863309,8.206753618e-05,-0.0001337417442,0.0002768482096,EW,0.08380814366
Crisis,555,0.2652963671,0.00680736151,0.03294105128,0.2066528312,0.2252925731,0.05087606195,0.2702702703,2.701333932e-05,-0.0001695636773,0.0001731892786,EW,0.08380814366
Tendencia,842,0.4024856597,0.5354040053,0.3596287891,1.488768479,2.25699001,0.3407449465,0.5570071259,0.002124619069,0.0006376475455,0.003755642341,Buy & Hold,0.4619985087
Reversión,695,0.3322179732,0.5364641692,0.2883097744,1.860721407,2.74823875,0.2585437766,0.5712230216,0.002128826068,0.0008657194841,0.003413713865,Buy & Hold,0.4619985087
Crisis,555,0.2652963671,0.2023953601,0.4633108992,0.4368456698,0.6182374515,0.5289570359,0.5243243243,0.0008031561909,-0.001631462912,0.003252692577,Buy & Hold,0.4619985087
Tendencia,842,0.4024856597,-0.3607514214,0.3229298012,-1.117120254,-1.4083817,0.7701209364,0.2410926366,-0.00143155326,-0.002916689051,-2.924997773e-05,estrategia NVDA,0.001579045975
Reversión,695,0.3322179732,-0.003665915174,0.2526058675,-0.01451239122,-0.02063493173,0.3194336078,0.2086330935,-1.454728243e-05,-0.001236840915,0.001217552338,estrategia NVDA,0.001579045975
Crisis,555,0.2652963671,0.4531191624,0.2040541957,2.220582434,4.116189218,0.1065668632,0.0954954955,0.001798091914,0.0007410478759,0.002891438507,estrategia NVDA,0.001579045975
Tendencia,842,0.4024856597,0.1179446403,0.205495208,0.5739532394,0.8884185659,0.2890456647,0.2565320665,0.0004680342868,-0.0004344711795,0.001289395403,estrategia AMZN,0.7873057409
Reversión,695,0.3322179732,-0.06096736453,0.1619201102,-0.3765274397,-0.5395907385,0.3745550943,0.2230215827,-0.0002419339862,-0.0009534666267,0.000495378829,estrategia AMZN,0.7873057409
Crisis,555,0.2652963671,-0.04672519733,0.1088989921,-0.4290691442,-0.4811828786,0.1546566051,0.03603603604,-0.0001854174497,-0.0007950312917,0.0003367011182,estrategia AMZN,0.7873057409
Tendencia,842,0.4024856597,-0.3844079429,0.3764024794,-1.02126836,-1.434577792,0.8322227839,0.203087886,-0.001525428345,-0.003106028655,0.0002222456736,estrategia TSLA,0.02165163633
Reversión,695,0.3322179732,-0.14181597,0.301145879,-0.470921171,-0.6368969745,0.5870857026,0.2920863309,-0.0005627617857,-0.001887490645,0.0008107841973,estrategia TSLA,0.02165163633
Crisis,555,0.2652963671,-0.02625337149,0.1725079291,-0.1521864625,-0.201825168,0.2830602642,0.06126126126,-0.0001041800456,-0.001019778298,0.0007705620782,estrategia TSLA,0.02165163633
Tendencia,842,0.4024856597,0.09811049569,0.2391496195,0.4102473419,0.6594305439,0.3958554729,0.2565320665,0.0003893273639,-0.0006084078662,0.001406345926,estrategia META,0.4175414554
Reversión,695,0.3322179732,0.09351329434,0.2414658253,0.3872734133,0.4868093392,0.3375801969,0.2460431655,0.0003710845014,-0.0009243175431,0.001474763187,estrategia META,0.4175414554
Crisis,555,0.2652963671,-0.05145513688,0.1256093547,-0.4096441465,-0.5130407509,0.1547371544,0.02522522523,-0.0002041870511,-0.0008731193022,0.0003919293646,estrategia META,0.4175414554
Tendencia,842,0.4024856597,0.09298027067,0.2235692236,0.4158902963,0.6200418529,0.2680418628,0.2410926366,0.0003689693281,-0.0005526749674,0.001383877131,estrategia NFLX,0.9531988483
Reversión,695,0.3322179732,-0.04128652759,0.2780235655,-0.1485001011,-0.1996926356,0.4073588776,0.2503597122,-0.000163835427,-0.001455867028,0.001115219486,estrategia NFLX,0.9531988483
Crisis,555,0.2652963671,0.08442383313,0.1318595767,0.6402556056,1.097011651,0.07714110238,0.05405405405,0.0003350152108,-0.0003726370932,0.001062980712,estrategia NFLX,0.9531988483
Tendencia,842,0.4024856597,-0.04769631659,0.1767622894,-0.2698331004,-0.3767172243,0.2534154211,0.2327790974,-0.0001892710976,-0.001004375079,0.0005575680711,estrategia GOOGL,0.6224926947
Reversión,695,0.3322179732,0.124170008,0.1764829244,0.7035808617,1.046213136,0.1891867211,0.290647482,0.0004927381272,-0.000361674292,0.001238393685,estrategia GOOGL,0.6224926947
Crisis,555,0.2652963671,-0.04021031688,0.1334770483,-0.3012526677,-0.4038552594,0.2651115243,0.1045045045,-0.0001595647495,-0.0009142086267,0.0005744013876,estrategia GOOGL,0.6224926947
