activo,direccion,fecha_entrada,precio_entrada,fecha_salida,precio_salida,dias,pnl_bruto,costos,pnl_neto,motivo_salida
AMZN,largo,2016-01-05,32.3429985,2016-01-06,31.10000038,2,-4264.863675,272.0999094,-4536.963585,SL
NFLX,largo,2016-01-05,11.04500008,2016-01-06,11.64607996,2,9058.842181,427.4700363,8631.372144,TP
AMZN,largo,2016-01-08,30.9829998,2016-01-13,29.90210277,4,-3887.320674,273.707754,-4161.028428,SL
NVDA,largo,2016-01-08,0.7463739515,2016-01-14,0.6974593091,5,-7302.505931,269.4387724,-7571.944704,SL
GOOGL,largo,2016-01-08,37.03756443,2016-01-14,35.40151471,5,-4922.022421,272.4143768,-5194.436798,SL
AMZN,largo,2016-01-14,29.01250076,2016-01-20,27.82556307,4,-3614.039538,216.3287624,-3830.3683,SL
NFLX,largo,2016-01-14,10.56499958,2016-01-20,9.797416337,4,-4623.009304,153.2987449,-4776.308048,SL
NVDA,largo,2016-01-15,0.6697166583,2016-01-25,0.6921053567,6,8690.837021,660.789486,8030.047535,time-stop
NFLX,largo,2016-01-22,10.47200012,2016-01-26,9.621404826,3,-2301.851361,93.49069576,-2395.342057,SL
GOOGL,largo,2016-01-19,35.66809005,2016-02-05,35.93307127,14,3340.412195,328.8787548,3011.53344,time-stop
AMZN,largo,2016-02-04,26.25,2016-02-08,24.32349968,3,-2797.481391,91.79756081,-2889.278952,SL
TSLA,corto,2016-02-23,11.74400043,2016-03-02,12.24866676,7,-3717.446393,220.9168938,-3938.363287,time-stop
NVDA,corto,2016-02-23,0.7609753159,2016-03-02,0.8024624599,7,-10957.21403,516.1515319,-11473.36556,SL
TSLA,corto,2016-03-03,12.55200005,2016-03-04,13.55865461,2,-7303.773678,236.8070426,-7540.58072,SL
TSLA,corto,2016-03-07,13.17866707,2016-03-10,14.18337499,4,-6822.659109,232.2588991,-7054.918008,SL
NFLX,corto,2016-03-02,9.800999641,2016-03-16,9.753000259,11,671.1685385,341.7760027,329.3925358,time-stop
TSLA,corto,2016-03-11,13.86200047,2016-03-16,14.8307144,4,-6321.770248,234.0587158,-6555.828964,SL
TSLA,corto,2016-03-17,14.76466656,2016-03-21,15.68933296,3,-8369.621472,344.5681153,-8714.189588,SL
TSLA,corto,2016-03-22,15.81400013,2016-03-23,14.96726854,2,1654.051147,75.16223716,1578.888909,TP
NVDA,corto,2016-03-22,0.8255411938,2016-03-28,0.8530787521,4,-1484.504185,113.114528,-1597.618713,SL
GOOGL,corto,2016-03-02,36.79338518,2016-03-30,38.14812084,20,-5643.777194,390.254325,-6034.031519,SL
NFLX,corto,2016-03-21,10.11499977,2016-04-05,10.34700012,11,-1999.916256,220.4861223,-2220.402378,time-stop
META,corto,2016-03-30,115.6226026,2016-04-11,109.6498007,9,1571.424185,74.08551941,1497.338665,señal
AMZN,corto,2016-03-02,29.08749962,2016-04-11,30.18953804,28,-5142.206774,345.7397423,-5487.946517,SL
META,largo,2016-04-11,109.6498007,2016-04-13,107.018438,3,-733.0035569,75.44502859,-808.4485855,SL
NVDA,corto,2016-04-04,0.8902656345,2016-04-15,0.9139033822,10,-1160.065106,110.6785613,-1270.743667,SL
NFLX,corto,2016-04-13,10.80000019,2016-04-19,9.949000359,5,2338.35033,71.26680649,2267.083524,TP
GOOGL,corto,2016-04-19,39.15244079,2016-04-26,36.06360794,6,2161.697481,124.1758222,2037.521659,TP
NFLX,largo,2016-04-20,9.434000015,2016-04-27,9.218000412,6,-810.3435271,87.46849291,-897.81202,time-stop
AMZN,corto,2016-04-19,31.85700035,2016-04-29,33.45890257,9,-495.9652286,78.52183372,-574.4870623,SL
TSLA,corto,2016-04-07,17.76333237,2016-05-02,15.66256937,18,2885.109164,71.95398437,2813.155179,TP
GOOGL,corto,2016-05-11,36.67698745,2016-05-12,35.89219577,2,3036.801476,351.0138565,2685.78762,TP
NVDA,corto,2016-05-16,0.9933354635,2016-05-16,1.029507004,1,-2094.147417,146.3903058,-2240.537723,SL
NVDA,corto,2016-05-17,1.025820758,2016-05-18,1.064451367,2,-2151.421668,145.5146855,-2296.936354,SL
NVDA,corto,2016-05-19,1.054885337,2016-05-24,1.09464286,4,-2149.01143,145.2354261,-2294.246856,SL
GOOGL,largo,2016-05-20,35.48533864,2016-05-24,36.24007499,3,1545.681093,183.6148095,1362.066284,TP
NFLX,corto,2016-05-24,9.597999573,2016-05-25,9.982991658,2,-3211.430486,204.1697565,-3415.600243,SL
AMZN,corto,2016-05-11,35.28950119,2016-06-01,36.2523236,15,-1193.9016,110.8899964,-1304.791597,SL
GOOGL,corto,2016-05-26,36.45312082,2016-06-03,36.72504207,6,-1070.321757,360.0499189,-1430.371676,time-stop
TSLA,corto,2016-06-08,15.58666706,2016-06-14,14.46208378,5,3197.51024,106.7964356,3090.713805,TP
META,largo,2016-06-13,113.9090069,2016-06-24,109.9568672,10,-3477.989632,246.2600163,-3724.249648,SL
AMZN,largo,2016-06-20,35.67499924,2016-06-27,34.6004982,6,-2797.472391,228.7035528,-3026.175944,SL
NVDA,corto,2016-06-10,1.146515452,2016-06-27,1.110518374,12,1789.668072,140.2662935,1649.401778,señal
NFLX,corto,2016-05-26,10.3210001,2016-06-27,8.788000107,22,11784.86363,183.6243987,11601.23923,señal
META,largo,2016-06-28,109.5804819,2016-06-30,113.5821461,3,5586.628899,389.4400964,5197.188802,TP
NFLX,largo,2016-06-27,8.788000107,2016-07-05,9.520000458,6,6797.250986,212.5068566,6584.744129,time-stop
AMZN,largo,2016-06-28,35,2016-07-06,36.82884776,6,4925.922664,241.834884,4684.08778,TP
NVDA,largo,2016-06-27,1.110518374,2016-07-08,1.238031316,9,6378.571022,146.8516723,6231.719349,TP
NVDA,corto,2016-07-11,1.263076524,2016-07-14,1.317264179,4,-2440.316335,145.2555831,-2585.571918,SL
NVDA,corto,2016-07-15,1.289033751,2016-07-25,1.346824547,7,-2516.491506,143.4725654,-2659.964071,SL
GOOGL,corto,2016-07-19,37.14008851,2016-07-28,38.07964841,8,-3675.677989,367.8364906,-4043.51448,SL
AMZN,corto,2016-07-11,37.5,2016-07-29,38.25,15,-994.8553239,125.6004846,-1120.455809,SL
GOOGL,corto,2016-08-01,38.96274201,2016-08-01,39.87751129,1,-1685.713057,181.6059626,-1867.31902,SL
NVDA,corto,2016-07-26,1.375474905,2016-08-08,1.444775306,10,-2845.012045,144.7258184,-2989.737863,SL
GOOGL,corto,2016-08-02,39.4907177,2016-08-09,40.19170367,6,-1274.758632,181.1303285,-1455.888961,SL
META,corto,2016-07-29,123.4674694,2016-08-10,123.8834743,9,-215.7623283,160.3617477,-376.124076,time-stop
AMZN,corto,2016-08-01,37.99349976,2016-08-11,38.63529328,9,-893.5864885,133.3654265,-1026.951915,SL
NVDA,corto,2016-08-09,1.445510075,2016-08-12,1.515789742,4,-2424.912452,127.7199563,-2552.632408,SL
NFLX,largo,2016-07-20,8.666999817,2016-08-19,9.604999542,23,4291.919194,104.5068866,4187.412307,time-stop
NVDA,corto,2016-08-15,1.545420092,2016-08-25,1.520054805,9,558.8185126,84.41872274,474.3997899,time-stop
TSLA,largo,2016-08-29,14.67666721,2016-08-30,14.2430265,2,-1952.378898,162.7562792,-2115.135177,SL
TSLA,largo,2016-08-31,14.02866745,2016-09-01,13.5854222,2,-958.4068103,74.63568936,-1033.0425,SL
META,corto,2016-08-30,125.3989637,2016-09-07,130.438527,6,-1938.252799,122.9962043,-2061.249003,SL
AMZN,corto,2016-09-07,39.47650146,2016-09-09,38.93805041,3,542.4117341,98.7391804,443.6725537,TP
TSLA,largo,2016-09-02,13.48866653,2016-09-09,13.07935969,5,-911.916114,73.99036769,-985.9064817,SL
META,corto,2016-09-08,129.6779613,2016-09-15,126.7658926,6,1086.004217,119.5452165,966.459,time-stop
NVDA,largo,2016-09-12,1.44081424,2016-09-15,1.538071031,4,4126.259659,157.9793815,3968.280278,TP
GOOGL,largo,2016-08-22,39.54916484,2016-09-19,39.67793772,20,285.1065889,219.2636477,65.8429412,time-stop
AMZN,corto,2016-09-23,40.15650177,2016-09-28,40.90000153,4,-711.1630638,96.91393772,-808.0770015,SL
TSLA,largo,2016-09-12,13,2016-10-03,14.20653038,16,2738.153776,77.1796395,2660.974137,TP
NFLX,largo,2016-09-22,9.553999901,2016-10-03,10.20579967,8,3255.808326,123.3778436,3132.430483,TP
AMZN,corto,2016-09-29,41.4129982,2016-10-05,42.13022926,5,-660.3295174,96.14415434,-756.4736717,SL
AMZN,corto,2016-10-06,42.18500137,2016-10-11,41.58651901,4,551.4685479,96.48855514,454.9799928,TP
NFLX,corto,2016-10-06,10.49699974,2016-10-18,11.66300011,9,-2584.902469,61.40804065,-2646.310509,SL
NFLX,corto,2016-10-19,11.82499981,2016-10-19,12.23371406,1,-755.2184258,55.56933691,-810.7877627,SL
NFLX,corto,2016-10-20,12.19699955,2016-10-21,12.60956423,2,-736.7295819,55.3723153,-792.1018972,SL
NVDA,corto,2016-10-25,1.7317735,2016-10-26,1.787818237,2,-946.4123977,74.29299886,-1020.705397,SL
META,corto,2016-10-25,132.2335315,2016-10-26,129.889151,2,887.0700481,123.9779477,763.0921004,TP
AMZN,largo,2016-10-31,39.05149841,2016-11-01,39.95000076,2,1928.041652,211.9056519,1716.136,TP
TSLA,corto,2016-10-04,14.20666695,2016-11-02,12.67000008,22,6460.404946,141.2425132,6319.162433,señal
GOOGL,corto,2016-10-20,40.98797368,2016-11-03,38.85526508,11,2550.166754,123.9046336,2426.26212,señal
AMZN,largo,2016-11-02,39.19649887,2016-11-04,38.13220591,3,-2332.488317,211.840522,-2544.328839,SL
AMZN,largo,2016-11-07,38.58200073,2016-11-10,37.50210729,4,-1242.274113,109.4058386,-1351.679951,SL
TSLA,largo,2016-11-02,12.67000008,2016-11-10,12.1371214,7,-2406.837304,140.0569877,-2546.894292,SL
NFLX,corto,2016-10-24,12.74199963,2016-11-10,11.47559265,14,2170.128861,52.8915833,2117.237278,TP
GOOGL,largo,2016-11-03,38.85526508,2016-11-11,37.94503472,7,-1136.39164,119.8532014,-1256.244841,SL
META,largo,2016-11-04,118.4554704,2016-11-14,112.7046731,7,-4505.421901,226.3759991,-4731.7979,SL
NVDA,corto,2016-11-14,2.161098167,2016-11-17,2.293410036,4,-1409.700746,59.32502113,-1469.025767,SL
AMZN,largo,2016-11-11,36.78649902,2016-11-29,38.40000153,12,1797.613997,104.7072328,1692.906764,time-stop
NFLX,largo,2016-11-11,11.48999977,2016-12-06,12.26983302,17,3063.22302,116.6622276,2946.560793,TP
META,largo,2016-11-15,115.6225999,2016-12-12,118.0889738,19,2074.657174,245.7410302,1828.916144,time-stop
TSLA,largo,2016-11-11,12.28266716,2016-12-16,13.20533276,25,2304.688914,79.58179959,2225.107114,time-stop
NVDA,corto,2016-12-21,2.595530036,2016-12-27,2.753266589,4,-1366.866119,57.93749744,-1424.803617,SL
NVDA,corto,2016-12-28,2.938521092,2016-12-28,2.836240886,1,758.9410527,53.56246456,705.3785882,TP
NFLX,corto,2016-12-22,12.68400002,2017-01-05,13.16986836,9,-1022.075946,67.98296561,-1090.058912,SL
GOOGL,largo,2016-11-15,37.91273189,2017-01-11,40.9414112,39,3971.437857,129.2495412,3842.188316,time-stop
TSLA,corto,2017-01-05,15.09466743,2017-01-13,15.72559673,7,-1326.911385,81.02286551,-1407.93425,SL
AMZN,corto,2017-01-06,39.11800003,2017-01-18,40.47499847,8,-2876.996438,210.9331575,-3087.929595,time-stop
NFLX,corto,2017-01-06,13.20800018,2017-01-19,14.20100021,9,-2011.400146,69.39887426,-2080.799021,SL
META,corto,2017-01-09,122.3779043,2017-01-19,127.0134999,8,-3529.606773,237.3625903,-3766.969363,time-stop
TSLA,corto,2017-01-20,16.36400032,2017-01-24,16.95666726,3,-1131.910009,79.54720104,-1211.45721,SL
GOOGL,corto,2017-01-26,42.54762746,2017-02-02,40.36588201,6,2655.14823,126.1304667,2529.017764,señal
AMZN,corto,2017-01-26,41.7765007,2017-02-06,40.49000168,8,1214.704045,97.09437333,1117.609671,time-stop
NFLX,corto,2017-01-20,13.93599987,2017-02-07,14.14900017,13,-420.7615917,69.34901885,-490.1106106,time-stop
GOOGL,largo,2017-02-02,40.36588201,2017-02-08,41.30777912,5,1217.463397,131.9606608,1085.502736,TP
TSLA,corto,2017-01-25,17.15399933,2017-02-09,17.75,12,-1104.030522,80.82012833,-1184.85065,SL
NVDA,largo,2017-02-14,2.65326839,2017-02-24,2.387978887,8,-6053.977962,143.8032773,-6197.781239,SL
TSLA,largo,2017-02-28,16.27933311,2017-03-14,17.20360796,11,5105.486575,231.1903031,4874.296272,TP
NVDA,largo,2017-03-03,2.424879184,2017-03-16,2.541098249,10,1920.753888,102.5909612,1818.162927,TP
GOOGL,largo,2017-03-22,42.07363717,2017-03-24,41.22466433,3,-2122.529765,260.3191711,-2382.848936,SL
GOOGL,largo,2017-03-27,41.01421882,2017-03-29,42.02495491,3,2596.090383,266.6091612,2329.481222,TP
NVDA,corto,2017-03-20,2.626850128,2017-04-04,2.538379153,12,661.4403217,48.27135246,613.1689692,TP
AMZN,corto,2017-02-22,42.84749985,2017-04-04,44.72994007,30,-2480.807651,144.2693775,-2625.077029,SL
AMZN,corto,2017-04-05,45.54100037,2017-04-05,46.15935666,1,-566.0860276,104.9360447,-671.0220723,SL
TSLA,corto,2017-04-04,19.79266739,2017-04-12,20.42266655,7,-896.3723288,71.52373126,-967.8960601,time-stop
NFLX,largo,2017-03-03,13.96899986,2017-04-25,15.21029866,37,5140.169984,151.0379235,4989.132061,TP
META,corto,2017-04-21,142.5348392,2017-04-27,146.2314744,5,-1114.81512,108.8561061,-1223.671227,SL
AMZN,corto,2017-04-06,45.68999863,2017-04-28,47.44150162,16,-1603.821757,106.5986806,-1710.420437,SL
GOOGL,corto,2017-04-25,43.69718916,2017-04-28,46.01216318,4,-2608.347397,126.3476143,-2734.695011,SL
AMZN,corto,2017-05-01,46.38999939,2017-05-01,47.11737154,1,-622.9329926,100.1014863,-723.0344788,SL
META,corto,2017-04-28,148.0817305,2017-05-02,151.8941799,3,-1123.730236,110.5234363,-1234.253672,SL
GOOGL,corto,2017-05-01,45.77195037,2017-05-02,46.60101737,2,-870.482502,121.2342489,-991.7167508,SL
META,corto,2017-05-03,152.1428204,2017-05-03,150.1873886,1,551.629428,106.6095951,445.019833,TP
TSLA,corto,2017-04-26,20.82466698,2017-05-04,20.49600029,7,449.7720327,70.6828576,379.0891751,time-stop
NVDA,corto,2017-05-02,2.596591753,2017-05-10,2.811600665,7,-3023.677697,95.06949424,-3118.747191,SL
NVDA,corto,2017-05-11,2.953299892,2017-05-11,3.104545427,1,-847.1946129,42.41591265,-889.6105255,SL
NVDA,corto,2017-05-12,3.115171871,2017-05-15,3.287952688,2,-915.7208589,42.41989068,-958.1407495,SL
NVDA,corto,2017-05-16,3.355027763,2017-05-17,3.173032863,2,844.6427585,37.87111023,806.7716482,TP
META,largo,2017-05-18,143.3470895,2017-05-18,145.5003783,1,1893.99253,317.5810323,1576.411498,TP
AMZN,corto,2017-05-02,47.33250046,2017-05-25,49.24250031,18,-1579.895147,99.85496543,-1679.750112,SL
NFLX,corto,2017-04-26,15.15299988,2017-05-25,16.22523305,22,-2845.503932,104.0898658,-2949.593798,SL
GOOGL,corto,2017-05-03,46.36134712,2017-05-25,48.52434887,17,-2236.069512,122.6137537,-2358.683265,SL
TSLA,corto,2017-06-02,22.65133286,2017-06-06,23.33540228,3,-742.3076387,62.37726687,-804.6849056,SL
NFLX,corto,2017-05-26,16.2840004,2017-06-06,16.65778394,7,-802.7490671,88.43348919,-891.1825563,SL
NVDA,corto,2017-06-06,3.640287646,2017-06-08,3.831048005,3,-904.1880191,44.26687639,-948.4548955,SL
TSLA,corto,2017-06-07,23.75600052,2017-06-08,24.52155656,2,-794.6638735,62.64144695,-857.3053204,SL
NVDA,corto,2017-06-09,4.05696833,2017-06-09,3.659425385,1,1656.621296,40.19421777,1616.427079,TP
AMZN,corto,2017-05-26,49.75,2017-06-09,48.77017769,10,869.314001,109.2608439,760.0531572,TP
GOOGL,corto,2017-05-26,49.13247266,2017-06-09,47.75846169,10,1435.51233,126.534771,1308.977559,TP
META,corto,2017-06-09,153.3017062,2017-06-12,146.7643565,2,1869.962904,107.2897337,1762.67317,señal
NFLX,largo,2017-06-12,15.52999973,2017-06-20,15.36800003,7,-675.173769,160.9688061,-836.1425752,time-stop
TSLA,corto,2017-06-09,24.96133232,2017-06-23,25.73030134,11,-746.4199827,61.50645756,-807.9264403,SL
GOOGL,largo,2017-06-12,47.48415665,2017-06-29,46.04860311,14,-3082.316108,251.0334196,-3333.349527,SL
NVDA,corto,2017-06-20,3.916350787,2017-07-03,3.572072748,10,1584.328841,43.07610434,1541.252737,señal
TSLA,largo,2017-06-30,24.24733353,2017-07-05,23.14666748,3,-2373.434871,127.7483019,-2501.183173,SL
NVDA,largo,2017-07-03,3.572072748,2017-07-13,4.014118718,8,2393.677609,51.3490052,2342.328604,señal
META,largo,2017-06-12,146.7643565,2017-07-13,157.2340743,23,3128.158146,113.53639,3014.621756,time-stop
NFLX,largo,2017-07-05,14.65799999,2017-07-14,16.09991521,8,9172.042879,244.5644111,8927.478467,TP
TSLA,largo,2017-07-06,21.15066719,2017-07-18,21.16666794,9,39.36680619,130.1422255,-90.77541932,time-stop
NFLX,corto,2017-07-19,18.29700089,2017-07-21,19.0465287,3,-1105.131823,68.82587005,-1173.957693,SL
AMZN,corto,2017-07-25,51.90250015,2017-07-27,53.47750092,3,-2111.553467,176.5995229,-2288.15299,SL
NFLX,corto,2017-07-24,18.86899948,2017-07-27,18.28174178,4,1208.884414,95.59464254,1113.289772,TP
NVDA,corto,2017-07-13,4.014118718,2017-08-04,4.188056398,17,-1660.204243,97.86037988,-1758.064623,SL
META,corto,2017-07-28,167.466086,2017-08-07,168.3377092,7,-356.2309286,171.5530637,-527.7839924,rebalanceo
AMZN,largo,2017-08-01,49.80550003,2017-08-10,47.86586796,8,-5239.452139,329.7948001,-5569.246939,SL
GOOGL,largo,2017-06-30,46.75460064,2017-08-24,46.74073182,39,-42.02686182,354.1501875,-396.1770493,time-stop
META,largo,2017-08-11,166.3567021,2017-08-29,163.6822945,13,-2170.132035,334.7602097,-2504.892245,time-stop
NVDA,largo,2017-08-14,3.932111634,2017-09-01,4.22832983,15,3062.55692,147.4169589,2915.139961,TP
AMZN,largo,2017-08-11,48,2017-09-13,49.63695163,23,2790.32268,339.2305827,2451.092098,TP
TSLA,corto,2017-09-15,24.96733284,2017-09-26,23.39533234,8,1702.03591,65.45401277,1636.581897,señal
GOOGL,largo,2017-09-19,46.23058409,2017-09-29,48.05117723,9,3765.234426,243.7343945,3521.500032,TP
GOOGL,corto,2017-10-02,48.32268674,2017-10-06,49.18972758,5,-888.4151565,124.8953664,-1013.310523,SL
NFLX,corto,2017-10-06,19.43000031,2017-10-13,19.96999931,6,-732.0145342,66.76255866,-798.7770928,SL
NVDA,corto,2017-09-18,4.563361742,2017-10-16,4.854899997,21,-1363.087731,55.04387843,-1418.131609,SL
META,corto,2017-10-18,174.9741445,2017-10-24,170.6654226,5,1070.913047,107.3839107,963.5291366,rebalanceo
TSLA,largo,2017-09-26,23.39533234,2017-10-25,21.94835614,22,-1713.275239,67.11082973,-1780.386068,SL
GOOGL,largo,2017-10-24,48.86006111,2017-10-27,51.57234112,4,5484.868156,253.8724262,5230.99573,TP
NVDA,corto,2017-10-17,4.857910136,2017-10-31,5.08798484,11,-1036.287841,55.99708413,-1092.284925,SL
META,corto,2017-10-30,177.5593911,2017-11-01,180.7231486,3,-785.2065804,111.1517743,-896.3583547,SL
TSLA,largo,2017-10-26,21.85199928,2017-11-02,20.00866699,6,-2395.639097,68.0039142,-2463.643011,SL
AMZN,corto,2017-10-30,54.75049973,2017-11-07,56.23699951,7,-1004.84883,93.78210121,-1098.630931,time-stop
NFLX,corto,2017-10-16,20.19499969,2017-11-07,20,17,252.9113596,65.16530726,187.7460524,time-stop
NVDA,corto,2017-11-01,5.160093125,2017-11-09,4.976529926,7,831.3668085,57.38658426,773.9802243,TP
TSLA,largo,2017-11-03,19.96666718,2017-11-17,21.71133232,11,3989.048737,119.1171065,3869.93163,TP
AMZN,corto,2017-11-08,56.14099884,2017-11-22,57.44210272,11,-1204.979212,131.4895745,-1336.468786,SL
NVDA,corto,2017-11-13,5.327455607,2017-11-24,5.317590542,9,68.00193294,91.7231257,-23.72119276,time-stop
META,corto,2017-11-02,178.9163792,2017-11-27,181.7947485,17,-708.5112061,110.9863993,-819.4976054,SL
GOOGL,corto,2017-11-02,51.50934668,2017-11-27,52.89733653,17,-1346.732288,126.6290335,-1473.361321,SL
GOOGL,corto,2017-11-28,53.19332897,2017-11-29,51.6995095,2,1953.058067,171.4244989,1781.633568,TP
META,largo,2017-11-30,175.1722437,2017-12-01,172.1957735,2,-2063.858528,301.0774499,-2364.935977,SL
NVDA,largo,2017-12-04,4.934293461,2017-12-04,4.781677954,1,-2321.866714,184.7714494,-2506.638163,SL
NFLX,largo,2017-11-30,19.03100014,2017-12-04,18.48310974,3,-2401.668226,205.5530765,-2607.221302,SL
META,largo,2017-12-05,168.8329729,2017-12-08,179.8078618,4,7760.478087,308.1602437,7452.317843,TP
TSLA,corto,2017-12-12,22.03000069,2017-12-13,22.77700136,2,-3215.854207,241.1189032,-3456.97311,SL
NFLX,largo,2017-12-05,18.35000038,2017-12-14,19.03795123,8,3134.647856,212.9477401,2921.700116,TP
TSLA,corto,2017-12-14,22.73399925,2017-12-26,21.58866692,8,2378.709431,115.0656677,2263.643764,señal
NVDA,largo,2017-12-05,4.49895106,2018-01-03,5.034186893,20,13064.21042,290.8599176,12773.3505,TP
AMZN,corto,2018-01-04,60.25,2018-01-05,61.38979135,2,-674.5175311,89.98156992,-764.499101,SL
NFLX,corto,2018-01-03,20.20499992,2018-01-05,20.80498289,3,-879.1209901,75.11200063,-954.2329908,SL
META,corto,2018-01-04,183.1458835,2018-01-08,186.9627279,3,-862.5297616,104.5463397,-967.0761013,SL
TSLA,largo,2017-12-26,21.58866692,2018-01-09,22.34399986,10,1149.907313,83.60302402,1066.304289,time-stop
AMZN,corto,2018-01-08,61.79999924,2018-01-09,62.93079045,2,-645.0839668,88.94417421,-734.028141,SL
AMZN,corto,2018-01-10,62.25749969,2018-01-11,63.42638357,2,-661.670823,88.9324427,-750.6032657,SL
NFLX,corto,2018-01-08,21.00200081,2018-01-11,21.58828255,4,-823.3276006,74.76302218,-898.0906228,SL
META,corto,2018-01-09,186.9098506,2018-01-12,176.3707652,4,2343.753593,100.9860219,2242.767572,TP
AMZN,corto,2018-01-12,63.66949844,2018-01-12,64.86401193,1,-652.83819,87.80937275,-740.6475628,SL
NFLX,corto,2018-01-12,21.71800041,2018-01-16,22.42399979,2,-960.5358379,75.07084051,-1035.606678,SL
GOOGL,corto,2018-01-04,54.33744307,2018-01-16,56.47806814,8,-2059.409191,133.2639271,-2192.673118,SL
NVDA,corto,2018-01-08,5.436232596,2018-01-19,5.64851264,9,-1037.658627,67.72999778,-1105.388625,SL
NFLX,corto,2018-01-17,22.10000038,2018-01-22,22.75581894,4,-876.1275122,74.90527889,-951.0327911,SL
AMZN,corto,2018-01-16,66.15000153,2018-01-23,67.41686678,6,-661.9734415,87.24065084,-749.2140923,SL
NFLX,corto,2018-01-23,25.50499916,2018-01-24,26.17016498,2,-892.506112,86.67086914,-979.1769811,SL
NFLX,corto,2018-01-25,26.29999924,2018-01-26,27.2391973,2,-1110.593109,79.13701187,-1189.730121,SL
AMZN,corto,2018-01-24,68.74099731,2018-01-29,70.45899963,4,-838.6308646,84.93688606,-923.5677507,SL
NFLX,corto,2018-01-29,27.42000008,2018-01-29,28.38420422,1,-1102.14866,79.73483805,-1181.883499,SL
AMZN,corto,2018-01-30,70.15850067,2018-01-30,71.8844232,1,-806.245224,82.94218532,-889.1874093,SL
AMZN,corto,2018-01-31,72.56500244,2018-02-02,74.39779916,3,-842.7504706,84.46993108,-927.2204017,SL
GOOGL,corto,2018-01-23,57.97928503,2018-02-05,54.51177571,10,3010.728909,122.0905473,2888.638362,señal
GOOGL,largo,2018-02-05,54.51177571,2018-02-05,52.8248343,1,-1544.139485,122.8130222,-1666.952507,SL
META,corto,2018-02-02,190.2181205,2018-02-09,173.1020864,6,3635.5141,96.46333101,3539.050769,señal
TSLA,largo,2018-02-06,21.68066788,2018-02-09,20.30051574,4,-4762.897764,181.0960553,-4943.99382,SL
NFLX,corto,2018-01-30,27.70000076,2018-02-09,24.23374494,9,3888.322504,72.82178616,3815.500718,TP
META,largo,2018-02-09,173.1020864,2018-02-20,174.102527,7,234.1076399,101.5593202,132.5483197,time-stop
GOOGL,largo,2018-02-06,51.21169258,2018-02-20,55.13252675,10,7265.767144,246.3354424,7019.431701,TP
TSLA,largo,2018-02-12,21.07533264,2018-02-28,23.50466728,12,12697.25601,291.254477,12406.00154,time-stop
NFLX,corto,2018-03-06,31.98800087,2018-03-16,32.14199829,9,-219.5144532,114.2670246,-333.7814778,time-stop
AMZN,corto,2018-03-12,79.62999725,2018-03-19,76.86028979,6,1922.766971,135.7969925,1786.969978,TP
NVDA,largo,2018-03-26,5.873989168,2018-03-27,5.502320082,2,-5291.608051,202.4615846,-5494.069636,SL
AMZN,largo,2018-03-26,76.5,2018-03-28,70.42875391,3,-8837.790746,267.3515377,-9105.142284,SL
NFLX,largo,2018-03-26,30.93600082,2018-03-28,29.00874976,3,-5797.367377,225.3998897,-6022.767267,SL
GOOGL,largo,2018-03-23,52.07298857,2018-03-28,49.2274899,4,-6704.186689,298.338445,-7002.525134,SL
TSLA,largo,2018-03-28,17.63866615,2018-04-05,19.45544726,6,5573.511125,142.2463973,5431.264728,TP
NFLX,largo,2018-03-29,28.70000076,2018-04-11,30.28800011,9,2492.56554,223.1034372,2269.462103,time-stop
GOOGL,largo,2018-03-29,50.08391429,2018-04-11,51.11361531,9,2229.862846,452.9820634,1776.880783,time-stop
AMZN,largo,2018-03-29,70.30000305,2018-04-12,71.97499847,10,1770.40238,269.2031562,1501.199224,time-stop
NVDA,largo,2018-03-28,5.531667225,2018-04-18,5.901639124,15,-45.04830385,202.0838908,-247.1321946,TP
NVDA,largo,2018-04-26,5.508717967,2018-05-07,6.131805766,8,4311.703404,100.6890317,4211.014372,TP
META,corto,2018-05-03,173.4685804,2018-05-31,186.5501344,20,-3799.105132,130.6944252,-3929.799557,SL
GOOGL,corto,2018-05-11,54.50188039,2018-06-04,56.38841789,16,-1940.762552,142.5970452,-2083.359598,time-stop
NVDA,largo,2018-06-25,6.091241665,2018-06-25,5.904395356,1,-1205.439907,96.73739143,-1302.177299,SL
NVDA,largo,2018-06-26,6.018387507,2018-06-28,5.810288121,3,-4496.456947,319.4815452,-4815.938492,SL
NVDA,largo,2018-06-29,6.013200774,2018-07-02,5.781059686,2,-3313.516179,210.434919,-3523.951098,SL
AMZN,corto,2018-07-13,90.19650269,2018-07-16,91.78967008,2,-1068.561582,152.5761149,-1221.137696,SL
AMZN,corto,2018-07-17,90.57800293,2018-07-17,92.12846852,1,-1034.105823,152.3234597,-1186.429283,SL
TSLA,largo,2018-07-05,20.9173336,2018-07-23,19.63180734,13,-5430.081726,214.1002049,-5644.181931,SL
META,corto,2018-07-13,205.8385676,2018-07-24,213.0692969,8,-1993.436941,144.3606822,-2137.797624,SL
META,corto,2018-07-25,213.6735179,2018-07-26,173.2308467,2,10585.84864,126.590026,10459.25862,TP
TSLA,largo,2018-07-24,20.29466629,2018-07-30,19.20195003,5,-4734.709127,213.922174,-4948.631301,SL
META,largo,2018-07-27,178.163586,2018-07-30,169.6571049,2,-7169.669099,366.4498922,-7536.118992,SL
NFLX,largo,2018-07-20,36.49200058,2018-07-30,34.33225537,7,-7641.302302,313.2253453,-7954.527647,SL
META,largo,2018-07-31,169.0508805,2018-08-03,176.1320223,4,6144.053227,374.3785599,5769.674667,TP
TSLA,corto,2018-08-03,23.18733215,2018-08-07,25.82356127,3,-4676.432709,108.6761313,-4785.108841,SL
NFLX,largo,2018-07-31,33.15100098,2018-08-07,35.44138827,6,6155.205284,230.4196747,5924.785609,TP
AMZN,corto,2018-07-18,92.40000153,2018-08-08,94.0415867,16,-1077.998365,153.040892,-1231.039257,SL
TSLA,corto,2018-08-08,24.6060009,2018-08-17,20.76786279,8,6160.759905,99.03126346,6061.728641,TP
NVDA,largo,2018-07-05,5.904046639,2018-08-23,6.452048639,36,8237.618192,245.6027644,7992.015427,time-stop
NFLX,largo,2018-08-17,31.90099907,2018-08-27,36.71500015,7,6853.121546,122.10056,6731.020986,señal
GOOGL,largo,2018-08-17,60.52605527,2018-08-27,61.62063464,7,2359.198261,329.0856133,2030.112648,time-stop
TSLA,largo,2018-08-20,19.44666672,2018-08-31,20.13333321,10,4082.346036,189.1249506,3893.221086,time-stop
GOOGL,corto,2018-08-28,62.20308902,2018-09-06,59.36361567,7,965.4622297,168.9280204,796.5342093,señal
GOOGL,largo,2018-09-06,59.36361567,2018-09-06,58.06939733,1,-449.6037708,50.99441483,-500.5981857,SL
NFLX,corto,2018-08-27,36.71500015,2018-09-21,36.6590004,19,38.96623094,113.8045239,-74.83829299,time-stop
GOOGL,largo,2018-09-07,58.04762898,2018-10-08,56.70250035,22,-1431.108725,152.6061417,-1583.714866,SL
AMZN,largo,2018-10-09,92.99949646,2018-10-10,89.85454904,2,-1968.127306,143.0389732,-2111.166279,SL
AMZN,largo,2018-10-11,86.19999695,2018-10-17,92.13950348,5,3881.756541,145.6919272,3736.064614,TP
NFLX,largo,2018-10-11,32.49399948,2018-10-17,37.83300018,5,6241.949092,102.7761505,6139.172941,TP
TSLA,corto,2018-10-29,22.49799919,2018-11-14,22.84666634,13,-504.2543608,81.97375949,-586.2281203,time-stop
META,largo,2018-11-13,140.6528851,2018-11-23,132.382069,8,-3453.234494,142.4970806,-3595.731575,time-stop
AMZN,largo,2018-11-20,71.875,2018-11-27,79.78553823,5,5967.277378,143.0055188,5824.271859,TP
NVDA,largo,2018-11-20,3.31254206,2018-12-03,4.269110492,9,11678.91031,115.7071429,11563.20317,TP
AMZN,corto,2018-12-04,87.80000305,2018-12-17,77.39936166,9,12614.36857,250.4515824,12363.91699,TP
META,corto,2018-12-13,144.1890079,2018-12-24,121.9321877,8,19143.02815,286.1126093,18856.91554,señal
TSLA,largo,2018-11-26,21.66666794,2018-12-24,20.30224396,20,-5400.028563,207.6272908,-5607.655854,SL
NFLX,largo,2018-12-24,24.20000076,2018-12-31,26.8115664,5,5027.209819,122.7452643,4904.464554,TP
META,largo,2018-12-24,121.9321877,2019-01-04,132.7386719,8,10776.08553,317.4430868,10458.64244,time-stop
AMZN,largo,2018-12-24,67.30000305,2019-01-04,78.72829573,8,8749.40396,139.747534,8609.656426,TP
NVDA,largo,2018-12-20,3.417512976,2019-01-08,3.62824869,12,2556.074347,106.825098,2449.249249,señal
NVDA,corto,2019-01-08,3.62824869,2019-01-15,3.753650026,6,-1587.031643,116.7781305,-1703.809773,time-stop
META,corto,2019-01-09,141.5938691,2019-01-15,147.9228722,5,-5732.111958,327.7653555,-6059.877313,SL
TSLA,largo,2018-12-26,20,2019-01-24,18.71647476,20,13369.44982,381.0478556,12988.40197,SL
META,corto,2019-01-31,164.0289869,2019-01-31,169.3916835,1,-3201.101692,248.7818941,-3449.883587,SL
GOOGL,corto,2019-02-01,55.58556206,2019-02-05,57.0076566,3,-1391.862876,137.7495631,-1529.612439,SL
GOOGL,corto,2019-02-06,56.92184744,2019-02-07,54.38307353,2,7120.944204,390.245528,6730.698676,TP
META,corto,2019-02-01,164.2666959,2019-02-22,159.056602,15,4440.424862,344.4498387,4095.975023,señal
META,largo,2019-02-22,159.056602,2019-03-04,165.5790102,7,2912.327405,357.6035949,2554.72381,TP
TSLA,corto,2019-02-06,21.30599976,2019-03-18,17.9969183,28,6882.776142,174.6612649,6708.114877,TP
NVDA,largo,2019-03-08,3.60648585,2019-03-19,4.337611473,8,7891.35414,107.1800853,7784.174054,TP
GOOGL,corto,2019-04-23,62.2397442,2019-04-26,63.24875308,4,-1234.90965,191.9791767,-1426.888827,SL
GOOGL,corto,2019-04-29,63.42198374,2019-04-30,58.97036039,2,5315.942311,182.6947693,5133.247542,TP
GOOGL,largo,2019-05-01,59.31061392,2019-05-02,57.78681767,2,-3861.202928,370.8968183,-4232.099746,SL
NVDA,largo,2019-04-29,4.41736307,2019-05-07,4.272380723,7,-3983.359558,298.4361103,-4281.795668,SL
AMZN,corto,2019-05-06,95.89900208,2019-05-14,91.97499847,7,2139.150517,128.0231896,2011.127328,señal
AMZN,largo,2019-05-14,91.97499847,2019-05-23,91.82949829,8,-85.30091199,134.6964903,-219.9974023,time-stop
META,largo,2019-05-10,186.4641259,2019-05-29,181.7591634,13,-3285.530611,321.4183184,-3606.94893,time-stop
AMZN,largo,2019-05-24,91.79450226,2019-06-03,87.95068905,6,-6749.97543,394.5546904,-7144.53012,SL
AMZN,largo,2019-06-04,84.96199799,2019-06-07,88.18499756,4,4321.914065,290.2290314,4031.685033,TP
META,largo,2019-06-03,173.3398014,2019-06-19,185.2259587,13,13137.22971,495.383058,12641.84665,time-stop
TSLA,corto,2019-06-11,14.60933304,2019-06-24,14.88266659,10,-1340.00885,180.7294631,-1520.738314,time-stop
GOOGL,largo,2019-06-04,51.73223675,2019-06-24,55.47214618,15,3594.619922,128.7995795,3465.820343,señal
NVDA,corto,2019-06-11,3.739003641,2019-06-26,3.900987559,12,-2944.486424,173.5963259,-3118.08275,SL
GOOGL,corto,2019-06-24,55.47214618,2019-06-26,53.58268046,3,2531.241973,182.6205096,2348.621463,TP
NVDA,corto,2019-06-27,4.033235228,2019-07-01,4.277643144,3,-8901.834669,378.3739215,-9280.208591,SL
TSLA,corto,2019-06-25,14.95933342,2019-07-09,15.26466656,10,-2001.593876,247.6646237,-2249.2585,time-stop
GOOGL,corto,2019-07-05,55.44094158,2019-07-10,56.55295883,4,-2859.14668,359.9393216,-3219.086002,SL
META,corto,2019-07-03,192.3180247,2019-07-12,203.0869239,7,-3434.496762,157.6318291,-3592.128591,SL
NVDA,corto,2019-07-02,4.10239379,2019-07-23,4.323148154,15,-4795.625438,228.7935705,-5024.419008,SL
GOOGL,corto,2019-07-11,56.76781471,2019-07-26,60.82124521,12,-9985.21041,362.0857399,-10347.29615,SL
NVDA,corto,2019-07-24,4.397368681,2019-07-29,4.251669692,4,1984.417112,147.2496472,1837.167465,TP
META,corto,2019-07-15,202.3123263,2019-07-30,193.5363443,12,2557.299527,144.1866595,2413.112868,señal
AMZN,largo,2019-07-31,94.90550232,2019-08-02,92.17888767,3,-2672.395965,229.2052749,-2901.60124,SL
GOOGL,corto,2019-07-29,61.53941519,2019-08-02,59.28873814,5,1673.403978,112.2963821,1561.107596,TP
META,largo,2019-07-30,193.5363443,2019-08-05,182.6160749,5,-2234.77929,96.22217243,-2331.001463,SL
AMZN,largo,2019-08-06,89.6115036,2019-08-23,87.52611383,14,-1103.840511,117.2033167,-1221.043828,SL
META,largo,2019-08-06,181.9473544,2019-08-23,175.5541488,14,-3048.08652,213.0573413,-3261.143861,SL
NFLX,largo,2019-08-15,29.95000076,2019-09-03,29.08200073,13,-1128.106596,95.90205637,-1224.008653,time-stop
NVDA,largo,2019-08-06,3.812374564,2019-09-05,4.404089363,22,9920.107878,172.186433,9747.921445,TP
NFLX,corto,2019-09-18,29.49900055,2019-09-20,27.91960319,3,4236.466263,192.5196153,4043.946648,TP
AMZN,corto,2019-09-06,91.91100311,2019-09-23,88.84999847,12,3266.905754,241.1500577,3025.755696,time-stop
NVDA,corto,2019-09-12,4.62007032,2019-09-30,4.2875846,13,2175.690666,72.8614062,2102.829259,time-stop
META,largo,2019-09-25,179.7286123,2019-10-01,173.5498331,5,-2935.413345,209.794327,-3145.207672,SL
GOOGL,corto,2019-09-13,61.0248013,2019-10-02,59.261095,14,1281.932194,109.285743,1172.646451,TP
META,largo,2019-10-02,173.181317,2019-10-03,177.9023636,2,2344.6158,217.9485868,2126.667213,TP
NFLX,largo,2019-09-25,25.57099915,2019-10-04,27.42135477,8,2849.875588,102.0220206,2747.853568,TP
GOOGL,largo,2019-10-02,59.261095,2019-10-15,61.41604197,10,1656.62248,115.9636756,1540.658804,TP
NFLX,corto,2019-10-11,28.47999954,2019-10-18,27.43239684,6,2881.809303,192.2590301,2689.550272,TP
AMZN,largo,2019-10-03,85.65000153,2019-10-21,88.48300171,13,1661.3011,127.6417804,1533.659319,time-stop
GOOGL,corto,2019-10-18,62.14316914,2019-11-11,64.58543138,17,-1769.573446,114.7786066,-1884.352052,time-stop
AMZN,corto,2019-11-05,90.45800018,2019-11-18,86.91500092,10,4099.474423,256.5397374,3842.934686,señal
TSLA,corto,2019-11-07,21.94266701,2019-11-19,23.77034821,9,-2368.285907,74.04292489,-2442.328832,SL
NVDA,corto,2019-11-05,5.222763443,2019-11-25,5.412828665,15,-1213.496674,107.2799437,-1320.776617,SL
TSLA,largo,2019-11-25,22.95466614,2019-11-26,21.93747346,2,-3571.683624,197.0380393,-3768.721663,SL
AMZN,largo,2019-11-18,86.91500092,2019-11-27,90.05000305,8,2340.638348,382.4871645,1958.151183,señal
META,corto,2019-11-19,195.5272787,2019-11-27,200.6036607,7,-770.2338285,75.64175808,-845.8755866,SL
META,corto,2019-11-29,199.6874674,2019-12-03,195.7254106,3,1185.712579,147.9174974,1037.795082,TP
TSLA,largo,2019-11-27,22.07466698,2019-12-05,22.1886673,6,412.6029008,200.2536051,212.3492957,time-stop
AMZN,corto,2019-11-27,90.05000305,2019-12-12,87.5,11,2135.802436,185.88788,1949.914556,time-stop
NFLX,corto,2019-11-19,30.40099907,2019-12-18,31.74183742,21,-7026.986875,413.6782131,-7440.665088,SL
NVDA,corto,2019-12-13,5.56679964,2019-12-20,5.912939646,6,-2493.669363,103.3782342,-2597.047598,SL
AMZN,corto,2019-12-18,89.75099945,2019-12-26,93.11589868,6,-5851.045871,397.4720105,-6248.517882,SL
NFLX,corto,2019-12-20,33.5,2019-12-30,32.90800095,6,847.0502214,118.7732301,728.2769912,time-stop
TSLA,corto,2020-01-06,29.36466789,2020-01-07,30.76000023,2,-1869.555376,100.6985877,-1970.253964,SL
TSLA,corto,2020-01-08,31.57999992,2020-01-08,32.60792044,1,-1276.211445,99.61538556,-1375.826831,SL
GOOGL,corto,2020-01-07,69.36297233,2020-01-09,70.43619514,3,-1090.886469,177.6250682,-1268.511538,SL
NVDA,corto,2019-12-23,5.972285029,2020-01-10,6.14138098,13,-1123.156398,100.5756005,-1223.731999,time-stop
TSLA,corto,2020-01-09,33.13999939,2020-01-13,34.25693123,3,-1310.428715,98.840939,-1409.269654,SL
AMZN,corto,2019-12-27,94.14600372,2020-01-15,93.61250305,13,431.1250404,189.6609465,241.464094,time-stop
GOOGL,corto,2020-01-10,70.79980079,2020-01-17,72.43770541,6,-1624.468914,177.5781646,-1802.047079,SL
TSLA,corto,2020-01-14,36.2840004,2020-01-22,38.12599945,6,-1906.291795,96.25898823,-2002.550784,SL
GOOGL,corto,2020-01-21,73.25295845,2020-01-22,74.28638855,2,-990.631387,176.7863971,-1167.417784,SL
TSLA,corto,2020-01-23,37.6166687,2020-01-29,39.24885737,5,-1585.04177,93.3065155,-1678.348286,SL
AMZN,largo,2020-01-28,92.02500153,2020-01-31,102.5735016,4,16499.61825,380.480755,16119.1375,TP
TSLA,corto,2020-01-31,42.66666794,2020-02-03,44.91266632,2,-2031.188884,99.00395053,-2130.192834,SL
TSLA,corto,2020-02-04,58.86399841,2020-02-05,52.57643535,2,3656.563071,81.01091201,3575.552159,TP
AMZN,corto,2020-02-03,100.5299988,2020-02-10,105.524219,6,-3628.669077,187.1419708,-3815.811047,SL
NVDA,corto,2020-02-11,6.637746981,2020-02-14,7.132872187,4,-3048.851114,105.9948247,-3154.845939,SL
NVDA,corto,2020-02-18,7.0926467,2020-02-18,7.356421697,1,-1463.112858,100.1830065,-1563.295865,SL
NFLX,corto,2020-02-04,36.09999847,2020-02-18,38.80589635,10,-3581.546068,123.9324828,-3705.478551,SL
TSLA,corto,2020-02-06,46.66133118,2020-02-19,61.56666565,9,-9531.740234,86.51274764,-9618.252981,SL
NVDA,corto,2020-02-19,7.486213518,2020-02-19,7.761132726,1,-1476.013524,102.326832,-1578.340356,SL
NVDA,corto,2020-02-20,7.766304073,2020-02-24,6.709010131,3,5510.175705,94.29913655,5415.876569,TP
AMZN,corto,2020-02-11,107.5449982,2020-02-24,100.1589966,9,5191.012696,182.4725565,5008.540139,TP
META,largo,2020-02-04,204.659847,2020-02-25,194.8163994,15,-6180.592456,313.5334261,-6494.125882,SL
GOOGL,corto,2020-02-13,74.78832566,2020-02-25,69.32103085,8,5794.480022,190.91681,5603.563212,TP
TSLA,corto,2020-02-20,60.79666519,2020-02-27,48.66666794,6,5502.612283,62.07073555,5440.541547,TP
NFLX,largo,2020-02-26,36.63100052,2020-02-27,38.40965719,2,4778.11581,251.9829701,4526.13284,TP
GOOGL,largo,2020-02-26,69.09154048,2020-02-27,66.85656545,2,-5048.921916,383.8920821,-5432.813998,SL
AMZN,largo,2020-02-26,98.51399994,2020-02-28,90.73149872,3,-11954.29071,363.3625684,-12317.65327,SL
META,largo,2020-02-26,195.3192782,2020-02-28,180.9667555,3,-14086.22561,461.6305152,-14547.85612,SL
META,largo,2020-03-04,187.3753705,2020-03-09,167.9910557,4,-19864.32694,455.2079183,-20319.53486,SL
GOOGL,largo,2020-02-28,63.11491136,2020-03-09,59.68010342,7,-11852.84094,529.6765498,-12382.51749,SL
AMZN,largo,2020-03-02,95.32450104,2020-03-12,86.09899902,9,-21323.98478,524.1817665,-21848.16655,SL
TSLA,largo,2020-03-10,43.9620018,2020-03-12,38.72600174,3,-6558.240896,129.4613827,-6687.702278,SL
NFLX,largo,2020-03-10,35.64300156,2020-03-12,32.65000153,3,-8614.204722,245.6940794,-8859.898801,SL
GOOGL,largo,2020-03-10,62.12831234,2020-03-12,55.60191085,3,-20533.79086,463.0131524,-20996.80401,SL
META,largo,2020-03-10,173.0129466,2020-03-16,150.8749675,5,-6017.231354,144.043267,-6161.274621,SL
GOOGL,corto,2020-04-30,65.94052599,2020-05-28,69.34017768,20,-2431.510845,120.9449259,-2552.455771,time-stop
META,largo,2020-06-29,207.7601702,2020-06-30,224.1312389,2,7774.462862,256.3763381,7518.086524,TP
TSLA,corto,2020-07-06,85.11266327,2020-07-06,89.06719742,1,-1559.028635,85.83545493,-1644.86409,SL
NFLX,corto,2020-07-02,48.56399918,2020-07-07,50.46510786,3,-2263.790743,147.4016042,-2411.192347,SL
TSLA,corto,2020-07-07,93.66733551,2020-07-10,98.28006937,4,-1622.998267,84.42127673,-1707.419543,SL
NFLX,corto,2020-07-09,50.84000015,2020-07-10,52.7477782,2,-2187.503594,148.4702567,-2335.973851,SL
GOOGL,largo,2020-06-29,67.37587826,2020-07-13,76.76651377,10,22098.3636,424.0009884,21674.36261,TP
TSLA,corto,2020-07-13,110.5999985,2020-07-13,116.2080782,1,-1667.061056,84.27637674,-1751.337433,SL
NFLX,corto,2020-07-13,56.79800034,2020-07-13,52.63495736,1,4222.805526,138.7549029,4084.050623,TP
NFLX,largo,2020-07-24,46.8769989,2020-08-26,49.25,24,5898.666124,298.683528,5599.982596,time-stop
GOOGL,corto,2020-07-21,78.50446093,2020-08-26,80.70386415,27,-1557.205983,140.9019467,-1698.107929,SL
TSLA,corto,2020-08-19,124.3333359,2020-08-27,145.5923721,7,-5884.200013,93.38951437,-5977.589528,SL
NVDA,corto,2020-08-18,12.37873952,2020-08-28,12.86483623,9,-1505.94468,97.7568556,-1603.701536,SL
NVDA,corto,2020-09-02,14.62396366,2020-09-02,13.90827636,1,1928.988547,96.12851241,1832.860035,TP
GOOGL,corto,2020-08-27,81.55445493,2020-09-02,83.66650382,5,-1460.850146,142.8488838,-1603.69903,SL
NVDA,corto,2020-09-03,13.75371247,2020-09-03,12.97715082,1,2240.143459,96.38798177,2143.755477,TP
META,corto,2020-08-27,297.3124265,2020-09-04,274.7882997,7,3796.15057,120.5252324,3675.625337,TP
TSLA,corto,2020-08-28,153.0079956,2020-09-08,114.2009185,7,8845.721795,76.13481517,8769.58698,TP
GOOGL,corto,2020-09-03,84.17502001,2020-09-09,76.71500276,4,5079.165729,136.9278151,4942.237914,señal
AMZN,corto,2020-08-27,172.5025024,2020-09-18,151.5870056,16,7798.928858,151.057314,7647.871544,señal
GOOGL,largo,2020-09-09,76.71500276,2020-10-02,72.29357949,18,704.4851692,321.9703105,382.5148587,time-stop
AMZN,largo,2020-09-18,151.5870056,2020-10-14,172.3500061,19,22335.31921,452.8679676,21882.45124,señal
META,largo,2020-09-21,245.191639,2020-10-26,280.473764,26,15692.46603,292.6205985,15399.84543,señal
GOOGL,corto,2020-10-13,78.10725372,2020-10-30,82.58613678,14,-3996.356512,179.2266253,-4175.583137,SL
AMZN,corto,2020-10-14,172.3500061,2020-11-02,153.0870056,14,13263.53286,280.0994387,12983.43342,señal
META,corto,2020-10-26,280.473764,2020-11-04,278.3342075,8,623.6659856,203.6108408,420.0551448,time-stop
TSLA,largo,2020-10-29,136.6533356,2020-11-04,144.5230739,5,2467.859092,110.2170955,2357.641997,TP
GOOGL,corto,2020-11-04,84.47515613,2020-11-05,88.0328827,2,-2246.581755,136.1661037,-2382.747859,SL
GOOGL,corto,2020-11-06,86.7416022,2020-11-20,87.26957984,11,-319.7697225,131.7373674,-451.5070899,time-stop
TSLA,corto,2020-11-25,183.3533325,2020-11-30,200.7366638,3,-2169.002986,59.90597648,-2228.908962,SL
AMZN,largo,2020-11-02,153.0870056,2020-12-01,159.4250031,21,1658.063416,102.1940948,1555.869321,time-stop
TSLA,corto,2020-12-08,208.5033264,2020-12-10,190.1824975,3,2001.786945,54.45196295,1947.334982,TP
NFLX,corto,2020-12-17,52.90000153,2020-12-24,51.27650554,6,1637.259229,131.3245841,1505.934644,TP
NVDA,largo,2020-12-24,12.97033777,2021-01-04,13.43740822,6,3679.814325,260.0667697,3419.747555,TP
NFLX,corto,2021-01-04,53.90000153,2021-01-04,52.31318274,1,1583.886042,132.5211028,1451.36494,TP
NVDA,largo,2021-01-07,12.90094585,2021-01-11,13.3613977,3,3494.478436,249.138955,3245.339481,TP
META,largo,2020-12-23,264.3580703,2021-01-11,255.8742114,12,-3497.764621,268.1047183,-3765.869339,SL
NFLX,largo,2021-01-07,50.82799911,2021-01-12,48.69608638,4,-4468.419844,260.7490631,-4729.168908,SL
META,largo,2021-01-13,249.1635583,2021-01-26,275.501357,9,5773.260128,143.7585513,5629.501577,señal
GOOGL,corto,2021-01-21,93.79001718,2021-01-27,90.19549074,5,2952.956436,188.9335072,2764.022929,TP
TSLA,corto,2021-01-08,285.3333435,2021-02-01,271.4299927,16,1600.683034,80.12471569,1520.558318,señal
NFLX,corto,2021-01-21,58.24499893,2021-02-12,55.69400024,17,2198.072485,122.7196726,2075.352812,time-stop
GOOGL,corto,2021-02-04,102.059816,2021-02-12,103.0083059,7,-701.8832428,189.6881926,-891.5714354,time-stop
TSLA,largo,2021-02-01,271.4299927,2021-02-23,220.7100067,16,-6837.110541,82.92627437,-6920.036816,SL
NVDA,corto,2021-02-09,14.26714795,2021-03-03,13.35734404,16,3264.514454,123.901086,3140.613368,señal
TSLA,largo,2021-02-24,237.2833405,2021-03-03,218.4736625,6,-8929.122082,270.4398988,-9199.561981,SL
NVDA,largo,2021-03-03,13.35734404,2021-03-04,12.5815933,2,-2768.511707,115.7141197,-2884.225826,SL
NFLX,largo,2021-03-04,52.15000153,2021-03-08,49.78848009,3,-7192.128224,388.0732457,-7580.20147,SL
GOOGL,largo,2021-03-01,101.4347917,2021-03-09,101.521461,7,123.6396951,361.9135838,-238.2738887,time-stop
NVDA,largo,2021-03-09,12.07216012,2021-03-16,13.44771416,6,5388.772821,124.9685591,5263.804262,TP
META,corto,2021-01-26,275.501357,2021-03-19,285.1204468,38,-1935.22577,140.9865414,-2076.212311,SL
NFLX,largo,2021-03-09,50.73099899,2021-03-23,52.98699951,11,6934.735287,398.5243233,6536.210964,time-stop
AMZN,corto,2021-04-06,161.1875,2021-04-08,165.5449982,3,-2345.634816,219.8495254,-2565.484342,SL
NVDA,corto,2021-04-05,13.80109079,2021-04-12,14.44158283,6,-4547.663357,250.6630931,-4798.32645,SL
AMZN,corto,2021-04-09,165.2350006,2021-04-12,168.9976243,2,-986.6312399,109.5526608,-1096.183901,SL
NVDA,corto,2021-04-13,15.15855662,2021-04-15,15.79556154,3,-1332.451611,80.93513863,-1413.386749,SL
TSLA,largo,2021-03-04,218.6000061,2021-04-26,247,37,4711.380748,96.55014861,4614.830599,time-stop
AMZN,corto,2021-04-13,170.0424957,2021-04-28,173.750797,12,-948.1157673,109.8737046,-1057.989472,SL
NVDA,corto,2021-04-16,15.97612428,2021-04-30,15.10183187,11,1693.30375,75.23858584,1618.065164,time-stop
AMZN,corto,2021-04-29,175.2550049,2021-05-04,163.6562237,4,2951.108136,107.7875843,2843.320552,TP
TSLA,largo,2021-05-05,227.0200043,2021-05-10,212.7753228,4,-3178.874662,122.6821239,-3301.556786,SL
NVDA,largo,2021-05-05,14.63856138,2021-05-11,13.75879253,5,-3716.72534,149.9614993,-3866.686839,SL
AMZN,largo,2021-05-05,166.9429932,2021-05-12,159.25,6,-4199.881685,222.6006102,-4422.482295,time-stop
TSLA,largo,2021-05-11,199.7466736,2021-05-19,184.1833344,7,-5492.074911,169.3541094,-5661.429021,SL
AMZN,largo,2021-05-13,159.2734985,2021-05-20,162.2200012,6,2621.553881,357.5478381,2264.006043,time-stop
NVDA,largo,2021-05-13,13.96654179,2021-05-21,15.09113052,7,4964.736377,160.3516009,4804.384777,time-stop
NVDA,corto,2021-06-03,16.62077403,2021-06-04,17.50627466,2,-1638.618755,78.94012228,-1717.558877,SL
NVDA,corto,2021-06-07,17.48710229,2021-06-16,17.70960737,8,-387.0195124,76.52529722,-463.5448096,time-stop
META,corto,2021-05-25,323.9770118,2021-06-23,339.97463,21,-2002.271593,103.8757374,-2106.147331,SL
AMZN,corto,2021-07-07,185.8690033,2021-07-08,181.6620021,2,1094.667151,119.5400547,975.1270963,TP
AMZN,corto,2021-07-09,186.1260071,2021-07-15,181.5950865,5,1196.476965,121.3798082,1075.097157,TP
GOOGL,corto,2021-07-06,124.4641344,2021-07-16,126.459662,9,-733.2043291,115.2442168,-848.4485459,time-stop
META,corto,2021-07-02,351.7312517,2021-07-19,334.3675313,11,1997.087753,98.63953702,1898.448216,señal
META,largo,2021-07-19,334.3675313,2021-07-23,357.4861585,5,2891.132087,108.1509073,2782.98118,TP
GOOGL,largo,2021-07-20,124.3442734,2021-07-23,129.5887117,4,3924.212703,237.5104341,3686.702269,TP
TSLA,corto,2021-06-24,224.9966736,2021-08-02,237.2645949,27,-3889.381566,183.1922475,-4072.573813,SL
GOOGL,corto,2021-08-03,133.8612029,2021-08-17,136.4515623,11,-1312.242463,171.1711756,-1483.413639,time-stop
AMZN,largo,2021-08-02,167.6549988,2021-08-19,159.701004,14,-9202.010548,473.3994498,-9675.409998,SL
NVDA,largo,2021-08-19,19.40509019,2021-08-19,18.78778257,1,-2313.983534,178.9579358,-2492.94147,SL
NFLX,largo,2021-07-26,51.43799973,2021-08-19,53.7964807,19,5651.063681,315.1852591,5335.878422,TP
TSLA,largo,2021-08-17,224.2200012,2021-08-27,235,9,2976.153909,158.4774532,2817.676456,time-stop
GOOGL,corto,2021-08-26,140.413846,2021-08-30,144.0829204,3,-1805.714485,175.0168667,-1980.731351,SL
AMZN,corto,2021-08-31,171.2400055,2021-09-01,174.8200073,2,-2702.588551,326.5563374,-3029.144889,SL
NFLX,corto,2021-09-02,58.36800003,2021-09-07,59.91947008,3,-1698.286911,161.8513856,-1860.138297,SL
GOOGL,corto,2021-08-31,143.7788593,2021-09-13,140.6114594,9,1515.906342,170.1352481,1345.771094,señal
NFLX,corto,2021-09-08,60.38399887,2021-09-13,59.04231294,4,1401.50863,155.9390718,1245.569558,TP
GOOGL,largo,2021-09-13,140.6114594,2021-09-15,142.634434,3,974.4670726,170.5494688,803.9176038,TP
GOOGL,largo,2021-09-20,136.8591873,2021-09-22,139.0411679,3,2124.265973,335.7532872,1788.512686,TP
TSLA,corto,2021-09-08,253.8600006,2021-09-27,263.9939708,14,-1521.33495,97.17678892,-1618.511738,SL
GOOGL,largo,2021-09-29,135.6888199,2021-09-30,132.5168948,2,-2915.659489,308.1711124,-3223.830601,SL
NVDA,largo,2021-09-20,21.05327059,2021-10-01,20.14523862,10,-3153.041949,178.8216602,-3331.863609,SL
AMZN,largo,2021-10-01,164.4505005,2021-10-04,161.141082,2,-2367.818053,291.1922518,-2659.010305,SL
META,largo,2021-09-20,355.8913849,2021-10-04,330.8578609,11,-10450.92954,358.3778288,-10809.30737,SL
GOOGL,largo,2021-10-01,133.1801983,2021-10-04,129.9732977,2,-2997.93171,307.5072707,-3305.438981,SL
NFLX,corto,2021-10-04,61.3390007,2021-10-05,64.02512879,2,-2909.098095,169.7129372,-3078.811032,SL
GOOGL,largo,2021-10-05,132.7775323,2021-10-06,136.3020422,2,3357.758039,320.4360816,3037.321958,TP
NVDA,largo,2021-10-05,19.86251426,2021-10-12,20.73666197,6,3007.145569,174.5809529,2832.564616,time-stop
TSLA,corto,2021-09-28,262.3999939,2021-10-14,273.2344205,13,-1607.144456,99.31788609,-1706.462342,SL
AMZN,largo,2021-10-05,160.2250061,2021-10-18,169.4179993,10,3314.398658,148.5599297,3165.838728,señal
AMZN,corto,2021-10-18,169.4179993,2021-10-19,172.5651301,2,-1078.722826,146.524337,-1225.247163,SL
META,largo,2021-10-05,325.462847,2021-10-20,340.1917414,12,2181.824676,123.2561624,2058.568514,señal
NFLX,corto,2021-10-06,62.81800079,2021-10-20,62.55699921,11,263.5024191,158.220378,105.2820411,time-stop
TSLA,corto,2021-10-15,274.5799866,2021-10-21,295.0035488,5,-3260.228321,113.6538005,-3373.882121,SL
TSLA,corto,2021-10-22,298.5,2021-10-25,321.3914904,2,-3324.967851,112.5483337,-3437.516185,SL
META,corto,2021-10-20,340.1917414,2021-10-26,309.7724204,5,4254.396153,113.6286471,4140.767506,TP
TSLA,corto,2021-10-26,341.563324,2021-11-01,381.6666565,5,-4837.066228,109.0405427,-4946.106771,SL
NVDA,corto,2021-10-27,24.36667465,2021-11-02,26.17109094,5,-2670.972409,93.51014116,-2764.48255,SL
NVDA,corto,2021-11-03,26.55304042,2021-11-04,28.73906417,2,-2953.932625,93.39397112,-3047.326596,SL
AMZN,corto,2021-10-20,172.6329956,2021-11-05,175.6859603,13,-2043.971632,291.5011042,-2335.472736,SL
NFLX,corto,2021-10-25,66.37400055,2021-11-08,65.02899933,11,1300.397974,158.8067283,1141.591245,time-stop
NVDA,corto,2021-11-05,30.05462241,2021-11-22,33.37002012,12,-3737.319919,89.37019054,-3826.69011,SL
META,corto,2021-11-16,340.5681014,2021-11-30,326.01335,10,4016.746699,229.9497237,3786.796975,TP
GOOGL,largo,2021-11-29,142.6426613,2021-12-02,139.3850979,4,-2843.748413,307.7514841,-3151.499897,SL
NVDA,corto,2021-11-30,33.02354146,2021-12-07,30.82501944,6,2077.720524,75.4253677,2002.295156,señal
NVDA,largo,2021-12-07,30.82501944,2021-12-14,27.25847962,6,-3608.995343,73.46864474,-3682.463987,SL
NFLX,largo,2021-12-02,61.70999908,2021-12-17,59.1609993,12,-2724.333194,161.4814146,-2885.814609,time-stop
TSLA,largo,2021-12-14,315,2021-12-27,362.9799057,9,12187.26658,215.2651649,11972.00141,TP
META,largo,2021-12-02,308.4458018,2021-12-27,343.3966442,17,5194.525618,121.0990941,5073.426524,TP
NFLX,largo,2022-01-04,59.99100113,2022-01-05,56.82983082,2,-7258.751894,335.3083484,-7594.060242,SL
NVDA,largo,2021-12-15,28.27892166,2022-01-14,26.18787013,22,-4337.713378,141.2335656,-4478.946944,time-stop
TSLA,corto,2022-01-04,396.5166626,2022-01-20,336.5766602,12,5431.266108,83.0335493,5348.232559,señal
NVDA,largo,2022-01-19,25.96781327,2022-01-20,24.10692225,2,-3023.014631,101.6829144,-3124.697545,SL
NFLX,largo,2022-01-14,51.75999832,2022-01-21,40.04299927,5,-10534.98671,103.1773745,-10638.16409,SL
META,corto,2021-12-28,343.3415999,2022-01-21,308.8081439,18,10474.88661,247.2672665,10227.61934,TP
GOOGL,largo,2022-01-06,135.7071637,2022-01-21,130.5077026,11,-3416.279465,218.6439054,-3634.923371,SL
TSLA,largo,2022-01-20,336.5766602,2022-01-24,301.5866699,3,-2541.255668,57.9357185,-2599.191386,SL
NVDA,largo,2022-01-21,23.40678353,2022-01-24,21.53625085,2,-3298.20523,99.05691074,-3397.262141,SL
NFLX,largo,2022-01-24,38.39099884,2022-02-01,44.56309181,7,5132.98929,86.23542716,5046.753863,TP
NVDA,largo,2022-01-25,22.44987828,2022-02-02,25.68403666,7,6581.600299,122.4422831,6459.158016,TP
META,largo,2022-01-24,295.0144378,2022-02-03,242.3290607,9,-7230.557079,92.18148035,-7322.738559,SL
NVDA,corto,2022-02-10,25.88417775,2022-02-18,23.45877712,7,2186.912993,127.6566677,2059.256325,TP
GOOGL,largo,2022-01-26,129.8830709,2022-03-23,137.3950839,40,2838.327791,127.1500948,2711.177696,time-stop
TSLA,corto,2022-03-23,326.6466675,2022-03-28,355.0333252,4,-3200.12143,96.06003879,-3296.181469,SL
NVDA,corto,2022-03-21,26.39848559,2022-04-21,20.30893731,23,7453.606304,71.46234943,7382.143955,TP
NVDA,corto,2022-07-21,17.81554781,2022-07-26,16.47178177,4,2871.749717,91.59391036,2780.155806,TP
TSLA,corto,2022-08-01,301.2766724,2022-08-12,289.4166565,10,1640.060426,102.1049174,1537.955509,time-stop
TSLA,largo,2022-09-06,272.6799927,2022-09-08,289.3039885,3,2569.86814,108.594885,2461.273255,TP
TSLA,largo,2022-09-30,266.1499939,2022-10-03,245.6344477,2,-3329.702498,103.829184,-3433.531682,SL
GOOGL,largo,2022-10-03,95.84794391,2022-10-25,103.1748263,17,3089.754609,128.6097617,2961.144847,TP
NVDA,largo,2022-12-23,15.1453628,2023-01-24,19.26043532,20,10831.50672,113.2017211,10718.305,TP
TSLA,corto,2023-01-27,162.4299927,2023-01-27,175.3590244,1,-5216.701616,170.367023,-5387.068639,SL
TSLA,corto,2023-01-30,178.0500031,2023-01-31,164.3260867,2,7357.687784,229.4440145,7128.243769,TP
NVDA,corto,2023-01-27,19.39714737,2023-02-02,21.84946785,5,-3805.985676,80.01810326,-3886.003779,SL
TSLA,corto,2023-02-01,173.8899994,2023-02-02,188.2738193,2,-5287.805041,166.4241211,-5454.229162,SL
META,corto,2023-02-02,181.6403065,2023-02-02,188.3351876,1,-1258.384629,86.92676283,-1345.311392,SL
TSLA,corto,2023-02-03,183.9499969,2023-02-03,197.1349611,1,-4643.473428,167.7628638,-4811.236292,SL
META,corto,2023-02-03,181.7294689,2023-02-03,192.4934187,1,-1846.922179,80.26335104,-1927.18553,SL
NVDA,corto,2023-02-03,20.93002263,2023-02-07,22.1229107,3,-1731.315744,78.10688961,-1809.422634,SL
TSLA,corto,2023-02-06,193.0099945,2023-02-09,207.7799988,4,-4979.104307,168.8874919,-5147.991799,SL
AMZN,corto,2023-02-02,110.25,2023-02-10,96.67052427,7,14151.67025,279.707633,13871.96262,TP
META,corto,2023-02-06,184.7604032,2023-02-16,171.1111644,9,1974.208432,75.47447927,1898.733952,TP
NFLX,corto,2023-02-03,35.90800095,2023-02-22,33.43475194,13,1124.993027,92.49723643,1032.495791,TP
NFLX,largo,2023-03-02,31.09600067,2023-03-09,31.20800018,6,178.1616333,123.8865061,54.27512719,time-stop
NFLX,largo,2023-03-13,28.73399925,2023-03-20,29.97900009,6,2154.492425,127.0046456,2027.487779,time-stop
TSLA,largo,2023-03-10,175.1300049,2023-03-28,192,13,3900.087239,106.0936175,3793.993622,time-stop
NVDA,corto,2023-05-18,30.31381183,2023-05-18,31.22996772,1,-1383.723748,116.1914561,-1499.915204,SL
TSLA,corto,2023-05-19,177.1699982,2023-05-22,185.3897034,2,-3640.006249,200.6944806,-3840.700729,SL
NVDA,corto,2023-05-19,31.43625056,2023-05-25,38.4011527,5,-10090.30225,126.4699226,-10216.77217,SL
AMZN,corto,2023-05-17,114.8899994,2023-05-25,116.6299973,7,-906.7563638,150.813569,-1057.569933,time-stop
NFLX,corto,2023-05-19,36.98600006,2023-05-26,36.11000061,6,1383.268515,144.280051,1238.988464,time-stop
TSLA,corto,2023-05-23,186.1999969,2023-05-26,194.5074308,4,-5257.749469,301.1857071,-5558.935176,SL
META,corto,2023-05-25,250.9960416,2023-05-26,258.8454914,2,-1392.974014,113.0964628,-1506.070476,SL
NVDA,corto,2023-05-26,37.77014784,2023-05-30,40.46659729,2,-2969.841847,107.7114387,-3077.553286,SL
TSLA,corto,2023-05-30,200.1000061,2023-06-01,209.0261168,3,-3537.355483,202.6672906,-3740.022774,SL
META,corto,2023-05-30,262.733684,2023-06-01,270.935556,3,-1383.630101,112.5354109,-1496.165512,SL
TSLA,corto,2023-06-02,210.1499939,2023-06-05,218.831334,2,-1615.774262,99.80270644,-1715.576968,SL
NFLX,corto,2023-05-30,39.7480011,2023-06-06,40.5,6,-1089.230406,145.293701,-1234.524107,time-stop
TSLA,corto,2023-06-06,216.1399994,2023-06-07,228,2,-2120.99975,99.28549529,-2220.285246,SL
AMZN,corto,2023-05-30,122.3700027,2023-06-07,127.0100021,7,-2248.237597,151.041373,-2399.27897,time-stop
TSLA,corto,2023-06-08,224.2200012,2023-06-08,233.1580034,1,-1576.862563,100.8645783,-1677.727141,SL
TSLA,corto,2023-06-09,249.0700073,2023-06-13,258.3083112,3,-1438.69665,98.76860247,-1537.465252,SL
NVDA,corto,2023-05-31,39.36309243,2023-06-14,41.05347016,11,-1783.643409,106.0668784,-1889.710287,SL
META,corto,2023-06-02,270.073317,2023-06-15,269.7167218,10,58.29733993,110.3082913,-52.01095136,time-stop
NFLX,corto,2023-06-12,41.88299942,2023-06-15,44.7344354,4,-3988.750488,151.45673,-4140.207218,SL
TSLA,corto,2023-06-14,260.1700134,2023-06-20,269.9551577,4,-1442.21884,97.668017,-1539.886857,SL
META,corto,2023-06-16,282.0485914,2023-06-30,282.0586272,10,-1.573475068,110.5551959,-112.1286709,time-stop
NVDA,corto,2023-06-15,42.47164119,2023-07-06,41.71596811,14,705.931602,98.3075475,607.6240545,time-stop
META,corto,2023-07-06,293.0829659,2023-07-12,302.1250946,5,-1313.216217,108.0548761,-1421.271093,SL
TSLA,corto,2023-06-21,275.1300049,2023-07-17,286.6300049,18,-1532.49714,93.57560958,-1626.072749,SL
NFLX,corto,2023-06-16,44.61500168,2023-07-18,47.35599864,21,-3558.77659,149.2633189,-3708.039909,SL
NFLX,corto,2023-07-19,47.68600082,2023-07-20,44.70000076,2,3741.768773,144.7115911,3597.057182,TP
NVDA,corto,2023-07-13,44.38178364,2023-07-21,45.64789061,7,-1178.410996,104.7422934,-1283.153289,time-stop
META,corto,2023-07-13,310.6447364,2023-07-27,322.0356546,11,-1533.851779,106.4925059,-1640.344285,SL
AMZN,corto,2023-07-14,134.0599976,2023-07-28,129.6900024,11,1820.732447,137.362334,1683.370113,time-stop
GOOGL,largo,2023-06-27,115.976405,2023-07-31,131.4788944,24,16447.40958,328.1729911,16119.23659,señal
GOOGL,corto,2023-07-31,131.4788944,2023-08-02,127.6487444,3,3551.727078,300.3637759,3251.363302,TP
AMZN,corto,2023-08-07,140.9900055,2023-08-17,134.2780019,9,2666.946549,136.7186877,2530.227862,TP
META,corto,2023-07-31,320.6191923,2023-08-18,276.3828692,15,5645.394305,95.23599062,5550.158314,señal
GOOGL,corto,2023-08-08,129.388761,2023-08-24,132.8944228,13,-1661.124535,155.3504929,-1816.475028,SL
META,largo,2023-08-18,276.3828692,2023-08-29,285.8422328,8,1707.836988,126.883381,1580.953607,time-stop
AMZN,largo,2023-08-25,132.4700012,2023-08-31,138.1215811,5,5008.144483,299.7307316,4708.413751,TP
NFLX,largo,2023-08-18,39.93299866,2023-09-05,43.8390007,12,15073.48595,404.1011887,14669.38476,time-stop
AMZN,corto,2023-09-01,139.4600067,2023-09-07,133.8999939,4,2419.71871,148.7079099,2271.0108,TP
NFLX,corto,2023-09-06,44.86100006,2023-09-13,43.29234311,6,1807.200414,126.948373,1680.252041,TP
GOOGL,corto,2023-08-30,133.50956,2023-09-14,136.9481154,11,-1746.687416,171.7309143,-1918.41833,SL
GOOGL,corto,2023-09-15,136.6793931,2023-09-21,130.2010538,5,2276.108703,117.2076815,2158.901022,señal
TSLA,corto,2023-09-12,270.7600098,2023-09-25,243.3800049,10,2659.409736,62.42278655,2596.986949,señal
META,corto,2023-09-15,308.6537533,2023-09-27,297.5996871,9,1285.435298,88.123633,1197.311665,time-stop
NFLX,largo,2023-09-14,41.04000092,2023-09-28,37.56000137,11,-6122.220305,172.8471959,-6295.067501,time-stop
NVDA,largo,2023-09-21,41.45917192,2023-09-29,43.69649493,7,3137.755777,149.2842587,2988.471519,time-stop
GOOGL,largo,2023-09-21,130.2010538,2023-10-05,133.7968292,11,1352.965261,124.1665288,1228.798732,time-stop
META,corto,2023-10-09,309.5353896,2023-10-10,320.387132,2,-1275.254166,92.53252714,-1367.786694,SL
TSLA,largo,2023-09-25,243.3800049,2023-10-19,225.9499969,19,-1877.744996,63.20149608,-1940.946492,SL
NFLX,largo,2023-10-12,36.64799881,2023-10-20,40.56299973,7,4108.348062,101.2801986,4007.067863,señal
GOOGL,corto,2023-10-09,135.6492044,2023-10-23,133.7670886,11,676.7962127,121.1003683,555.6958444,señal
GOOGL,largo,2023-10-23,133.7670886,2023-10-24,137.6603162,2,1434.576041,125.0194219,1309.556619,TP
META,corto,2023-10-11,319.9456562,2023-10-26,292.2013778,12,3149.955747,86.87539276,3063.080354,señal
META,largo,2023-10-26,292.2013778,2023-10-26,281.0984089,1,-1410.276965,91.02424422,-1501.301209,SL
TSLA,largo,2023-10-20,217.0099945,2023-10-31,194.2873479,8,-2952.101958,66.79413879,-3018.896097,SL
GOOGL,largo,2023-10-26,122.1080618,2023-11-02,127.2095185,6,3781.680952,231.0221403,3550.658812,TP
NFLX,corto,2023-10-20,40.56299973,2023-11-03,43.38697595,11,-2602.319694,96.7008296,-2699.020524,SL
AMZN,corto,2023-11-02,138.7299957,2023-11-14,146.1390369,9,-4234.767467,203.5273675,-4438.294834,SL
META,largo,2023-10-27,291.686384,2023-11-14,334.1035497,13,18003.38681,332.0099911,17671.37682,TP
TSLA,largo,2023-11-01,204.0399933,2023-11-15,239.5033383,11,5078.027845,79.38920413,4998.638641,TP
NFLX,corto,2023-11-06,43.43799973,2023-11-15,45.84104013,8,-6455.31189,299.7889911,-6755.100881,SL
NFLX,corto,2023-11-16,46.29999924,2023-12-05,45.06999969,13,1040.291938,96.59706162,943.6948764,señal
GOOGL,largo,2023-12-04,128.6557491,2023-12-07,133.7671131,4,3521.299178,225.9840543,3295.315124,TP
META,largo,2023-12-04,314.2799272,2023-12-08,329.5831845,5,3782.6279,198.9359628,3583.691937,TP
NFLX,largo,2023-12-05,45.06999969,2023-12-13,46.19800186,7,1019.950846,103.1568003,916.7940453,time-stop
META,corto,2023-12-19,342.301572,2023-12-21,351.9085042,3,-1094.880393,98.89694604,-1193.777339,SL
NVDA,largo,2023-12-05,45.33459625,2023-12-27,49.36791529,16,5578.24912,163.7219239,5414.527197,time-stop
TSLA,corto,2023-12-15,251.2100067,2023-12-27,261.923769,8,-1237.956595,74.11464407,-1312.071239,SL
AMZN,corto,2023-12-19,154.3999939,2024-01-03,149.1999969,10,1336.073947,97.5077587,1238.566188,señal
AMZN,largo,2024-01-03,149.1999969,2024-01-04,144.5382422,2,-1757.717136,138.4427018,-1896.159838,SL
NVDA,corto,2024-01-09,52.24956456,2024-01-09,54.14796222,1,-1609.763655,112.7759447,-1722.5396,SL
GOOGL,corto,2023-12-20,137.6600926,2024-01-10,139.6709095,14,-637.7487217,109.9475354,-747.6962571,time-stop
META,corto,2023-12-22,352.2066717,2024-01-10,361.6611516,12,-1032.245698,97.42563843,-1129.671336,SL
TSLA,largo,2024-01-10,235.1000061,2024-01-12,218.8891791,3,-6095.59446,213.3862415,-6308.980701,SL
NVDA,corto,2024-01-10,53.4610522,2024-01-16,55.4841772,4,-1674.913087,112.7425337,-1787.655621,SL
GOOGL,corto,2024-01-11,142.1374661,2024-01-17,138.9346085,4,1434.440965,157.3521778,1277.088787,TP
NVDA,corto,2024-01-17,56.18415169,2024-01-19,58.22456111,3,-1625.301234,113.9162438,-1739.217478,SL
META,corto,2024-01-11,368.5997403,2024-01-19,376.8876653,6,-1253.801416,140.972132,-1394.773548,SL
NVDA,corto,2024-01-22,59.87544528,2024-01-24,62.03490666,3,-1537.188284,108.47564,-1645.663924,SL
GOOGL,corto,2024-01-19,143.3757032,2024-01-24,148.1110389,4,-2099.674356,161.5585665,-2261.232922,SL
TSLA,largo,2024-01-16,215.1000061,2024-01-25,189.6999969,8,-10247.60082,204.1450466,-10451.74586,SL
AMZN,largo,2024-01-05,144.6900024,2024-01-26,160.2770652,15,12018.00706,293.9213456,11724.08572,TP
META,corto,2024-01-22,384.26956,2024-01-26,392.9018709,5,-1206.697751,135.7995316,-1342.497283,SL
NFLX,corto,2024-01-25,55.19499969,2024-01-26,57.37955291,2,-2289.529824,147.4802684,-2437.010093,SL
GOOGL,corto,2024-01-25,148.6554252,2024-01-31,142.2662128,5,2605.589795,148.3012306,2457.288564,TP
NVDA,corto,2024-01-25,62.16980236,2024-02-02,64.42177747,7,-1547.871001,108.7642102,-1656.635211,SL
TSLA,largo,2024-01-26,185.5,2024-02-08,189,10,854.1138746,114.2377307,739.8761439,time-stop
NVDA,corto,2024-02-05,68.02782694,2024-02-08,70.27082135,4,-1445.443346,111.4040122,-1556.847358,SL
NFLX,corto,2024-01-29,57.13499832,2024-02-12,56.0359993,11,1110.901479,142.9958376,967.9056418,time-stop
META,corto,2024-02-05,465.4223405,2024-02-23,489.4364232,14,-2266.511672,112.6525713,-2379.164243,SL
NFLX,corto,2024-02-28,59.57899857,2024-03-01,61.27793744,3,-1863.892031,165.738953,-2029.630984,SL
NVDA,corto,2024-02-23,80.55651569,2024-03-04,84.43641966,7,-2001.709833,106.4034007,-2108.113234,SL
GOOGL,largo,2024-02-20,138.3435805,2024-03-04,131.5489112,10,-6033.348422,299.5648831,-6332.913305,SL
NVDA,corto,2024-03-08,94.86749191,2024-03-08,91.44035218,1,1486.219484,100.9932371,1385.226247,TP
TSLA,largo,2024-03-07,174.3500061,2024-03-14,163.8544938,6,-3091.735038,124.5340237,-3216.269061,SL
GOOGL,corto,2024-03-15,141.1567774,2024-03-18,147.2091902,2,-5395.476789,321.332983,-5716.809772,SL
TSLA,largo,2024-03-15,163.1600037,2024-03-21,178.0746626,5,4919.239606,140.6850041,4778.554602,TP
GOOGL,corto,2024-03-19,146.7634575,2024-03-26,150.6482375,6,-3221.838022,308.3225771,-3530.160599,SL
NVDA,corto,2024-03-25,93.67389991,2024-03-27,89.52030529,3,1738.063836,95.82158727,1642.242249,TP
NFLX,corto,2024-03-04,62.15599823,2024-03-28,61.49900055,19,682.6693259,160.6083955,522.0609304,time-stop
NVDA,largo,2024-04-05,86.61901544,2024-04-16,86.18724041,8,-386.0943513,193.1547499,-579.2491012,time-stop
AMZN,corto,2024-04-04,184,2024-04-19,178.7400055,12,1538.134202,132.5911102,1405.543092,señal
NVDA,largo,2024-04-18,84.72840552,2024-04-19,79.1504531,2,-4979.133854,182.857147,-5161.991001,SL
META,largo,2024-04-22,485.5888175,2024-04-24,503.7740544,3,4672.763047,317.7755036,4354.987543,TP
NVDA,largo,2024-04-22,77.88192716,2024-04-26,84.85580827,5,6516.843949,190.0907846,6326.753164,TP
