x,y,calmar,n_operaciones,valido
1.5,60,-0.485365909,19,True
1.5,61,-0.485365909,19,True
1.5,63,-0.485365909,19,True
1.5,64,-0.485365909,19,True
1.5,66,-0.7099545699,18,True
1.5,67,-0.6954183528,18,True
1.5,69,-0.6954183528,18,True
1.5,70,-0.6793842979,18,True
1.5,71,-0.6793842979,18,True
1.5,73,-0.9709951387,15,True
1.5,74,-0.9795656516,15,True
1.5,76,-0.9469890405,13,True
1.5,77,-0.9039703871,13,True
1.5,79,-0.9039703871,13,True
1.5,80,-1.066218534,12,True
1.607142857,60,-0.8070806053,17,True
1.607142857,61,-0.8070806053,17,True
1.607142857,63,-0.8070806053,17,True
1.607142857,64,-0.8070806053,17,True
1.607142857,66,-1.009094465,16,True
1.607142857,67,-0.9960193732,16,True
1.607142857,69,-0.9960193732,16,True
1.607142857,70,-0.9851706676,16,True
1.607142857,71,-0.9851706676,16,True
1.607142857,73,-0.9689287704,14,True
1.607142857,74,-0.9775465396,14,True
1.607142857,76,-0.9440080792,12,True
1.607142857,77,-0.9007908921,12,True
1.607142857,79,-0.9007908921,12,True
1.607142857,80,-1.064114395,11,True
1.714285714,60,-1.188946907,15,True
1.714285714,61,-1.188946907,15,True
1.714285714,63,-1.188946907,15,True
1.714285714,64,-1.188946907,15,True
1.714285714,66,-1.341606273,14,True
1.714285714,67,-1.341606273,14,True
1.714285714,69,-1.341606273,14,True
1.714285714,70,-1.337694861,14,True
1.714285714,71,-1.337694861,14,True
1.714285714,73,-1.224131153,13,True
1.714285714,74,-1.22970797,13,True
1.714285714,76,-1.307541394,11,True
1.714285714,77,-1.269781223,11,True
1.714285714,79,-1.269781223,11,True
1.714285714,80,-1.367680741,10,True
1.821428571,60,-0.9925472081,13,True
1.821428571,61,-0.9925472081,13,True
1.821428571,63,-0.9925472081,13,True
1.821428571,64,-0.9925472081,13,True
1.821428571,66,-1.159389654,12,True
1.821428571,67,-1.159389654,12,True
1.821428571,69,-1.159389654,12,True
1.821428571,70,-1.152536749,12,True
1.821428571,71,-1.152536749,12,True
1.821428571,73,-0.9810628862,11,True
1.821428571,74,-0.5532308882,10,True
1.821428571,76,-0.9599958543,9,False
1.821428571,77,-0.9145041706,9,False
1.821428571,79,-0.9145041706,9,False
1.821428571,80,-1.271501649,8,False
1.928571429,60,-1.376369493,10,True
1.928571429,61,-1.376369493,10,True
1.928571429,63,-1.376369493,10,True
1.928571429,64,-1.376369493,10,True
1.928571429,66,-1.497830942,9,False
1.928571429,67,-1.497830942,9,False
1.928571429,69,-1.497830942,9,False
1.928571429,70,-1.496999079,9,False
1.928571429,71,-1.496999079,9,False
1.928571429,73,-1.4493541,8,False
1.928571429,74,-1.348480221,7,False
1.928571429,76,-1.607927701,6,False
1.928571429,77,-1.582898891,6,False
1.928571429,79,-1.582898891,6,False
1.928571429,80,-1.834496312,5,False
2.035714286,60,-1.450983892,9,False
2.035714286,61,-1.450983892,9,False
2.035714286,63,-1.450983892,9,False
2.035714286,64,-1.450983892,9,False
2.035714286,66,-1.450983892,9,False
2.035714286,67,-1.450983892,9,False
2.035714286,69,-1.450983892,9,False
2.035714286,70,-1.44761418,9,False
2.035714286,71,-1.44761418,9,False
2.035714286,73,-1.577668584,7,False
2.035714286,74,-1.452008998,6,False
2.035714286,76,-1.498784421,6,False
2.035714286,77,-1.450163037,6,False
2.035714286,79,-1.450163037,6,False
2.035714286,80,-1.902415759,5,False
2.142857143,60,-0.7823761557,5,False
2.142857143,61,-0.7823761557,5,False
2.142857143,63,-0.7823761557,5,False
2.142857143,64,-0.7823761557,5,False
2.142857143,66,-0.7823761557,5,False
2.142857143,67,-0.7823761557,5,False
2.142857143,69,-0.7823761557,5,False
2.142857143,70,-0.7419491404,5,False
2.142857143,71,-0.7419491404,5,False
2.142857143,73,0.6748145515,4,False
2.142857143,74,0.6748145515,4,False
2.142857143,76,0.468733369,4,False
2.142857143,77,0.711870112,4,False
2.142857143,79,0.711870112,4,False
2.142857143,80,0.711870112,4,False
2.25,60,-1.475742689,4,False
2.25,61,-1.475742689,4,False
2.25,63,-1.475742689,4,False
2.25,64,-1.475742689,4,False
2.25,66,-1.475742689,4,False
2.25,67,-1.475742689,4,False
2.25,69,-1.475742689,4,False
2.25,70,-0.9198112549,3,False
2.25,71,-0.9198112549,3,False
2.25,73,-0.825179223,3,False
2.25,74,-0.825179223,3,False
2.25,76,-0.9826597671,3,False
2.25,77,7.485366183,2,False
2.25,79,7.485366183,2,False
2.25,80,7.485366183,2,False
2.357142857,60,-1.9832205,3,False
2.357142857,61,-1.9832205,3,False
2.357142857,63,-1.9832205,3,False
2.357142857,64,-1.9832205,3,False
2.357142857,66,-1.9832205,3,False
2.357142857,67,-1.9832205,3,False
2.357142857,69,-1.9832205,3,False
2.357142857,70,-2.048725726,2,False
2.357142857,71,-2.048725726,2,False
2.357142857,73,-1.923030821,2,False
2.357142857,74,-1.923030821,2,False
2.357142857,76,-2.044940359,2,False
2.357142857,77,0,1,False
2.357142857,79,0,1,False
2.357142857,80,0,1,False
2.464285714,60,-2.051552841,2,False
2.464285714,61,-2.051552841,2,False
2.464285714,63,-2.051552841,2,False
2.464285714,64,-2.051552841,2,False
2.464285714,66,-2.051552841,2,False
2.464285714,67,-2.051552841,2,False
2.464285714,69,-2.051552841,2,False
2.464285714,70,-2.048725726,2,False
2.464285714,71,-2.048725726,2,False
2.464285714,73,-1.923030821,2,False
2.464285714,74,-1.923030821,2,False
2.464285714,76,0,1,False
2.464285714,77,0,1,False
2.464285714,79,0,1,False
2.464285714,80,0,1,False
2.571428571,60,-2.051552841,2,False
2.571428571,61,-2.051552841,2,False
2.571428571,63,-2.051552841,2,False
2.571428571,64,-2.051552841,2,False
2.571428571,66,-2.051552841,2,False
2.571428571,67,-2.051552841,2,False
2.571428571,69,-2.051552841,2,False
2.571428571,70,-2.048725726,2,False
2.571428571,71,-2.048725726,2,False
2.571428571,73,-1.923030821,2,False
2.571428571,74,-1.923030821,2,False
2.571428571,76,0,1,False
2.571428571,77,0,1,False
2.571428571,79,0,1,False
2.571428571,80,0,1,False
2.678571429,60,-2.051552841,2,False
2.678571429,61,-2.051552841,2,False
2.678571429,63,-2.051552841,2,False
2.678571429,64,-2.051552841,2,False
2.678571429,66,-2.051552841,2,False
2.678571429,67,-2.051552841,2,False
2.678571429,69,-2.051552841,2,False
2.678571429,70,-2.048725726,2,False
2.678571429,71,-2.048725726,2,False
2.678571429,73,-1.923030821,2,False
2.678571429,74,-1.923030821,2,False
2.678571429,76,0,1,False
2.678571429,77,0,1,False
2.678571429,79,0,1,False
2.678571429,80,0,1,False
2.785714286,60,-2.051552841,2,False
2.785714286,61,-2.051552841,2,False
2.785714286,63,-2.051552841,2,False
2.785714286,64,-2.051552841,2,False
2.785714286,66,-2.051552841,2,False
2.785714286,67,-2.051552841,2,False
2.785714286,69,-2.051552841,2,False
2.785714286,70,-2.048725726,2,False
2.785714286,71,-2.048725726,2,False
2.785714286,73,0,1,False
2.785714286,74,0,1,False
2.785714286,76,0,1,False
2.785714286,77,0,1,False
2.785714286,79,0,1,False
2.785714286,80,0,1,False
2.892857143,60,-2.051552841,2,False
2.892857143,61,-2.051552841,2,False
2.892857143,63,-2.051552841,2,False
2.892857143,64,-2.051552841,2,False
2.892857143,66,-2.051552841,2,False
2.892857143,67,-2.051552841,2,False
2.892857143,69,-2.051552841,2,False
2.892857143,70,0,1,False
2.892857143,71,0,1,False
2.892857143,73,0,1,False
2.892857143,74,0,1,False
2.892857143,76,0,1,False
2.892857143,77,0,1,False
2.892857143,79,0,1,False
2.892857143,80,0,1,False
3,60,0,1,False
3,61,0,1,False
3,63,0,1,False
3,64,0,1,False
3,66,0,1,False
3,67,0,1,False
3,69,0,1,False
3,70,0,1,False
3,71,0,1,False
3,73,0,1,False
3,74,0,1,False
3,76,0,1,False
3,77,0,1,False
3,79,0,1,False
3,80,0,1,False
