number,value,bb_k,bb_window,ema_fast,ema_gap,m_sl,m_tp,max_hold,rsi_lower,rsi_upper,rsi_window
0,,2.202188927,28,30,44,2.427534655,1.888409396,14,25,67,9
1,,1.94238291,20,16,69,2.381710174,3.464325533,14,31,74,12
2,,2.915211669,17,8,48,2.249778709,1.410938233,25,33,74,27
3,,1.669677852,34,30,87,2.581101278,5.38887983,22,40,71,16
4,,2.884112673,32,9,63,3.11022695,1.159122974,7,23,72,21
5,,2.54261565,22,7,91,1.489388428,3.933117376,29,29,63,9
6,-1.415664896,2.040515864,38,7,70,1.505302676,4.07733511,15,26,62,19
7,,2.607039631,19,27,25,2.417937105,3.134417737,8,37,77,26
8,,2.783980668,24,29,93,1.539766177,5.441787789,8,25,66,21
9,,2.420116364,12,27,17,1.127452692,1.677795048,38,38,63,15
10,,2.863147462,32,9,41,3.196835497,4.302050268,26,35,67,12
11,,2.112159333,21,5,24,3.451259495,4.417569556,12,34,72,9
12,,2.386854054,39,18,52,1.860293341,5.567208401,16,30,78,12
13,,2.615894737,37,15,53,1.687660409,3.736427275,24,20,80,12
14,,1.867766377,13,25,82,1.064480813,1.619268419,36,30,79,19
15,-1.582907027,1.832908353,16,25,55,2.022294394,3.167315069,6,31,78,8
16,,2.607086724,35,13,80,1.997044116,1.514751807,14,21,69,25
17,,1.862775452,25,17,64,3.945850627,5.284098721,39,25,72,13
18,,2.255795355,39,10,53,3.056360266,5.874941768,31,21,78,17
19,,2.125037596,14,6,84,1.716691952,3.085407152,13,28,65,28
20,,2.955454104,38,10,43,1.904378207,4.187283868,40,35,73,27
21,,2.383904831,38,15,10,1.285846896,1.549931827,14,32,64,28
22,,1.820038662,18,17,14,3.40072908,4.360791218,8,33,72,28
23,,2.727228229,13,22,47,2.199943989,2.804774475,12,32,63,7
24,-1.389007679,1.624615727,25,25,81,2.223949573,1.794345837,18,27,71,7
25,,2.749198874,26,27,76,3.056599048,5.425120808,31,28,74,17
26,,2.895234622,20,27,51,1.625384282,2.778883033,17,40,69,22
27,,1.862906935,17,18,75,3.03522311,1.716533477,30,35,65,15
28,,1.658597196,39,5,94,3.104483798,5.159574897,6,30,74,18
29,,2.56834224,21,28,41,3.731991258,4.263216448,24,36,63,10
30,-1.662655342,1.771108759,29,24,82,1.293403583,1.883643015,18,33,62,9
31,-1.494941174,1.513912036,26,27,83,1.421524299,1.907288254,21,30,71,9
32,-1.35093202,1.748771673,22,25,89,2.677127311,1.559570878,23,25,61,8
33,-1.49024021,1.685205969,26,21,70,2.206469766,2.153174693,28,27,62,7
34,-1.61717797,1.818615235,26,20,77,2.300321992,1.5733559,18,29,69,8
35,-1.207334649,1.559449799,18,27,83,2.028351111,1.584350548,23,26,61,10
36,,1.905128831,22,27,94,2.202706848,1.825812694,22,21,62,7
37,-1.409644774,1.548685976,26,25,66,2.764237977,1.429530017,18,26,61,9
38,,1.840286076,23,23,86,3.003933432,1.776735483,27,22,61,9
39,-1.244894933,1.514713846,22,25,96,2.579780282,2.256660458,18,26,63,9
40,-1.419117665,1.848676875,16,26,81,3.087107591,2.232305731,23,25,62,8
41,-0.9708953912,1.580397033,18,25,71,2.185153357,2.10912683,27,26,60,9
42,-1.552259527,1.706842301,16,24,87,2.011517357,1.218176094,20,27,60,12
43,-0.9617716617,1.861887388,19,28,80,1.743248873,1.470056379,28,30,61,8
44,-1.389959423,1.578067032,23,26,87,2.690862331,2.279533792,22,26,60,11
45,-0.6025057328,1.522952986,18,26,71,2.114464776,1.468404152,24,25,64,12
46,-1.218884697,1.529280206,17,26,86,1.778127946,1.441209779,20,32,62,11
47,-0.9735919811,1.572656943,18,24,75,2.100823331,1.254333875,27,23,62,9
48,-1.292574518,1.579430322,17,26,74,1.981222303,1.805172898,26,30,61,7
49,-1.072967384,1.567507347,21,26,85,2.056470459,1.298143884,22,21,64,11
50,-1.382332901,1.648949578,19,26,72,1.609744334,1.230012729,29,23,63,9
51,-1.706738562,1.70933154,18,22,74,1.89401148,1.51282216,26,25,62,7
52,-1.530768746,1.534029463,16,28,76,2.294510597,1.945384912,23,24,64,10
53,-0.9793094409,1.57189379,17,29,77,2.129631244,1.467460928,29,24,64,11
54,-1.44677842,1.617120827,18,28,74,1.987569594,1.640684402,29,26,63,9
55,-1.408968121,1.712613735,18,26,74,2.047611023,1.771233505,20,25,64,9
56,-1.386131684,1.620212596,19,25,80,1.987231242,2.359212801,29,26,60,12
57,-1.142518904,1.636875201,23,26,74,1.979477775,1.550213876,22,20,64,7
58,-0.3336179965,1.607788777,21,25,65,1.966199006,1.066571189,25,25,63,11
59,-1.233307273,1.637472842,15,20,71,1.948988403,1.729453689,27,24,63,9
60,-1.007510848,1.585635175,23,24,67,1.899990253,1.652176207,30,25,63,9
61,-1.353622259,1.580141469,16,22,65,2.200774429,1.757600805,29,24,64,11
62,-1.157482895,1.548395712,19,26,77,2.075148659,1.683441279,29,23,66,13
63,-1.616615861,1.663600927,16,30,65,1.963320386,1.031413617,27,25,64,12
64,,1.869244291,20,24,73,2.363415959,1.362100718,24,24,62,10
65,-1.269870981,1.619841725,18,27,72,1.619802219,1.459047573,27,21,60,8
66,-1.308455225,1.626331901,14,24,78,2.122110548,1.795519002,27,25,65,13
67,-1.274139814,1.649155568,18,24,72,2.227423241,1.349886305,32,26,62,10
68,-1.451803986,1.795074986,18,26,66,1.953399321,1.308272494,30,23,61,9
69,-1.236684984,1.659563247,18,28,86,2.106277259,1.101962613,30,26,64,12
70,-1.253953207,1.657016641,18,27,62,2.271602176,1.192022825,29,24,63,11
71,-1.343960583,1.591337405,18,23,72,1.798220007,1.283889039,23,24,64,9
72,-0.6501830753,1.641776012,22,24,63,1.814063825,1.9368592,32,23,62,8
73,-1.382850267,1.622486504,18,23,78,1.82399181,1.689674773,31,24,63,8
74,-1.154108365,1.562599797,18,24,82,2.248220192,1.481482011,24,22,62,9
75,-1.378936777,1.56857681,17,28,75,2.450850445,1.514728557,27,24,63,9
76,-1.407648785,1.590655895,16,27,69,2.160152861,2.273897457,26,25,61,10
77,-1.465728694,1.760467603,23,27,59,1.952364079,1.962468481,35,23,62,7
78,-1.398868841,1.578857276,19,26,74,1.935917564,1.282790128,26,26,63,11
79,-0.9799529548,1.653910827,24,22,66,1.80827845,1.440336779,29,26,64,10
80,-1.274966116,1.620617643,20,27,73,2.231182865,1.521382353,24,25,62,8
81,-1.490077954,1.607507529,17,27,71,2.30514749,1.973876233,30,26,62,8
82,-1.058964393,1.63897512,21,25,71,2.04180176,1.084796711,27,22,63,10
83,-1.305708368,1.514135997,20,24,72,2.270194322,1.544048449,28,25,62,8
84,-0.6396691679,1.608975399,18,24,80,2.142610228,1.101755189,27,23,65,8
85,-0.8426576617,1.668480567,19,27,66,2.085248424,1.179643908,23,23,64,12
86,-0.8050557832,1.594540262,20,26,70,2.107538949,1.380589935,28,25,63,12
87,-1.455824979,1.524498525,18,24,87,2.212482235,1.542165252,28,22,65,8
88,-1.537149738,1.600829171,16,26,70,2.254236229,1.047576568,24,22,64,13
89,-1.49237692,1.618189875,22,25,69,2.296239169,1.211604531,27,26,63,11
90,-1.154731022,1.644244106,20,26,62,2.265003788,1.225529873,21,22,63,12
91,-0.9181951909,1.521389683,18,23,69,2.022346994,1.350603593,27,23,63,9
92,-0.8861942367,1.512215679,19,26,68,2.263742611,1.500005395,26,22,62,11
93,-0.8921076046,1.545091763,21,22,67,1.990621174,1.297894075,23,25,62,10
94,-1.488461051,1.745777045,21,24,64,2.029653855,1.236783085,26,24,63,13
95,-1.247915221,1.594738593,17,27,76,2.128646925,2.00789559,27,22,63,12
96,-1.276155057,1.503936714,18,25,66,2.08882299,1.090830842,27,23,60,10
97,-1.153140151,1.601051376,17,26,70,2.075733798,1.139334078,24,26,65,12
98,-1.004215419,1.610977712,18,25,63,2.332877884,1.711883111,23,26,64,13
99,-1.184125187,1.568850026,18,26,73,2.224101823,1.604163782,26,25,66,13
