frecuencia,dias,banda,retorno_total,cagr,sharpe,mdd,calmar,pnl_neto,n_operaciones,turnover_anual,costos_totales,pnl_bruto,retorno_bruto,costo_total_pct,rebalanceos_por_anio,turnover_por_rebalanceo,costo_anual_rebalanceo,costos_vs_pnl_bruto
diario,1,0,-0.09882540134,-0.01245627165,-0.1986859697,0.1825499337,-0.0682348736,-98825.40134,624,5.854265854,114687.6596,15862.25822,0.01586225822,0.1146876596,212.8695652,0.01840404796,0.009794154218,7.230222707
diario,1,0.05,-0.09273679568,-0.01165493087,-0.1832319661,0.1759575609,-0.06623716995,-92736.79568,624,5.678559967,111434.4988,18697.70316,0.01869770316,0.1114344988,55.7458194,0.06154454841,0.008577128202,5.959796124
diario,1,0.1,-0.09887018388,-0.01246218324,-0.1992538578,0.1808340971,-0.06891500796,-98870.18388,624,5.586830966,109297.1049,10426.92104,0.01042692104,0.1092971049,30.10033445,0.08568331245,0.006447740904,10.48220318
diario,1,0.2,-0.08541302353,-0.01069726881,-0.16841489,0.1756041888,-0.06091693417,-85413.02353,624,5.377886321,105621.2346,20208.21105,0.02020821105,0.1056212346,8.548494983,0.1342022645,0.002868068463,5.226649421
semanal,5,0,-0.08848529931,-0.01109817771,-0.1745771478,0.1847849567,-0.06005996327,-88485.29931,624,5.573521444,109641.8288,21156.52949,0.02115652949,0.1096418288,44.18729097,0.0208726257,0.002305761963,5.18241089
semanal,5,0.05,-0.08240460792,-0.01030583937,-0.1602741469,0.1774168241,-0.05808828683,-82404.60792,624,5.487836844,107963.8052,25559.1973,0.0255591973,0.1079638052,13.84615385,0.05763971834,0.001995221019,4.224068697
semanal,5,0.1,-0.08204418463,-0.0102590199,-0.1601887183,0.1817054856,-0.05645960473,-82044.18463,624,5.386199272,106429.6316,24385.447,0.024385447,0.1064296316,7.344481605,0.07895428423,0.00144969572,4.364473271
semanal,5,0.2,-0.05897244611,-0.007295096368,-0.1062458548,0.1564038518,-0.04664268995,-58972.44611,624,5.279838706,104493.7297,45521.28362,0.04552128362,0.1044937297,2.408026756,0.106066211,0.000638525685,2.295491722
quincenal,10,0,-0.1004931173,-0.01267659577,-0.2039683402,0.1835473791,-0.06906443358,-100493.1173,624,5.485834451,106714.1267,6221.009463,0.006221009463,0.1067141267,22.87625418,0.02421552868,0.001384901473,17.15382807
quincenal,10,0.05,-0.09203525471,-0.01156290295,-0.1833706918,0.1760233806,-0.06568958574,-92035.25471,624,5.435689471,105989.3048,13954.05014,0.01395405014,0.1059893048,8.18729097,0.0595000996,0.00121786157,7.595594383
quincenal,10,0.1,-0.09231330974,-0.01159937064,-0.184445342,0.1769108924,-0.06556617562,-92313.30974,624,5.338300845,104246.2185,11932.90872,0.01193290872,0.1042462185,4.334448161,0.08131891201,0.0008811815215,8.736027476
quincenal,10,0.2,-0.05532388073,-0.006832247211,-0.09736371891,0.1580582324,-0.04322613955,-55323.88073,624,5.273725075,104402.2338,49078.35305,0.04907835305,0.1044022338,2.046822742,0.1013549326,0.0005186389529,2.12725626
mensual,21,0,-0.06618468177,-0.008214687906,-0.1232276876,0.1674927077,-0.04904504811,-66184.68177,624,5.371121383,106702.3803,40517.6985,0.0405176985,0.1067023803,11.7993311,0.03298091422,0.0009728818175,2.633475845
mensual,21,0.05,-0.0680394562,-0.008452189373,-0.1278058821,0.1679714797,-0.05031919342,-68039.4562,624,5.337158575,105900.759,37861.3028,0.0378613028,0.105900759,4.816053512,0.07170195092,0.0008633010813,2.797071183
mensual,21,0.1,-0.05998870727,-0.007424298108,-0.1087105991,0.1602657525,-0.04632491966,-59988.70727,624,5.31229524,105516.1291,45527.42188,0.04552742188,0.1055161291,3.371237458,0.08810340854,0.0007425437777,2.317639014
mensual,21,0.2,-0.07407703748,-0.009228183724,-0.1434111082,0.167965228,-0.05494103651,-74077.03748,624,5.261181839,103476.9468,29399.90932,0.02939990932,0.1034769468,1.926421405,0.10638277,0.0005123451131,3.519634896
