features,n_features,silhouette
volatilidad+r2_tendencia,2,0.4727113904
atr_norm+r2_tendencia,2,0.4568046037
volatilidad+atr_norm+r2_tendencia,3,0.4479305073
volatilidad+fuerza_tendencia,2,0.416732495
atr_norm+fuerza_tendencia,2,0.4065383502
volatilidad+fuerza_tendencia+r2_tendencia,3,0.39987153
volatilidad+atr_norm+fuerza_tendencia,3,0.3956544318
volatilidad+atr_norm+fuerza_tendencia+r2_tendencia,4,0.3927803624
atr_norm+fuerza_tendencia+r2_tendencia,3,0.3819212865
atr_norm+autocorr_1,2,0.3813145842
volatilidad+autocorr_1,2,0.3720531847
volatilidad+atr_norm+autocorr_1,3,0.3663932389
volatilidad+r2_tendencia+autocorr_1,3,0.3463237834
volatilidad+atr_norm+r2_tendencia+autocorr_1,4,0.3397576687
atr_norm+r2_tendencia+autocorr_1,3,0.3386688388
volatilidad+fuerza_tendencia+r2_tendencia+autocorr_1,4,0.3201071052
volatilidad+atr_norm+fuerza_tendencia+r2_tendencia+autocorr_1,5,0.3150153296
atr_norm+fuerza_tendencia+r2_tendencia+autocorr_1,4,0.3052981079
volatilidad+atr_norm+fuerza_tendencia+autocorr_1,4,0.2931054506
volatilidad+fuerza_tendencia+autocorr_1,3,0.2846011361
atr_norm+fuerza_tendencia+autocorr_1,3,0.274526155
