regimen,inicio,fin,duracion
Tendencia,2016-01-04,2016-01-21,13
Crisis,2016-01-22,2016-02-19,20
Tendencia,2016-02-22,2016-03-18,20
Reversión,2016-03-21,2016-04-18,20
Crisis,2016-04-19,2016-05-09,15
Tendencia,2016-05-10,2016-08-10,65
Reversión,2016-08-11,2017-02-08,125
Tendencia,2017-02-09,2017-02-23,10
Reversión,2017-02-24,2017-07-18,100
Tendencia,2017-07-19,2017-08-29,30
Crisis,2017-08-30,2017-09-13,10
Reversión,2017-09-14,2017-11-01,35
Tendencia,2017-11-02,2017-12-14,30
Reversión,2017-12-15,2018-02-13,40
Tendencia,2018-02-14,2018-04-05,35
Crisis,2018-04-06,2018-06-22,55
Tendencia,2018-06-25,2018-08-27,45
Crisis,2018-08-28,2018-11-06,50
Tendencia,2018-11-07,2019-01-14,45
Crisis,2019-01-15,2019-01-29,10
Reversión,2019-01-30,2019-02-27,20
Crisis,2019-02-28,2019-04-10,30
Tendencia,2019-04-11,2019-05-31,35
Reversión,2019-06-03,2019-06-14,10
Tendencia,2019-06-17,2019-07-15,20
Reversión,2019-07-16,2019-11-12,85
Tendencia,2019-11-13,2020-03-10,80
Crisis,2020-03-11,2020-06-25,75
Tendencia,2020-06-26,2020-10-12,75
Reversión,2020-10-13,2020-12-15,45
Tendencia,2020-12-16,2021-03-15,60
Reversión,2021-03-16,2021-07-22,90
Tendencia,2021-07-23,2022-01-04,115
Reversión,2022-01-05,2022-02-09,25
Crisis,2022-02-10,2022-09-29,160
Reversión,2022-09-30,2022-10-20,15
Crisis,2022-10-21,2023-01-25,65
Reversión,2023-01-26,2023-02-08,10
Crisis,2023-02-09,2023-05-12,65
Tendencia,2023-05-15,2023-09-07,80
Reversión,2023-09-08,2023-12-22,75
Tendencia,2023-12-26,2024-04-26,85
