date,RP,EW,Buy & Hold
2016-03-31,-0.0700196064,-0.08158169633,0.007080433517
2016-06-30,0.01476978509,0.01753692845,0.04761233688
2016-09-30,-0.005252224017,0.00121876713,0.1803962494
2016-12-31,0.00812272958,0.009749674433,0.1557969322
2017-03-31,-0.00713337048,-0.01150603663,0.1295472408
2017-06-30,-0.02150350804,-0.02053843495,0.184206513
2017-09-30,0.01179851273,0.01623415732,0.1291464547
2017-12-31,0.006058309837,0.003076854197,0.06902481432
2018-03-31,0.00279800394,0.001357770934,0.1545366979
2018-06-30,-0.01311378558,-0.01404567902,0.1379350676
2018-09-30,0.01416030382,0.01426164752,0.06219129101
2018-12-31,0.08098972305,0.08483626033,-0.3342367269
2019-03-31,0.02136253698,0.0232718443,0.2271022406
2019-06-30,0.002708693363,-0.002160510828,-0.0195893458
2019-09-30,-0.01751610471,-0.01447095254,-0.04641436561
2019-12-31,-0.006314344228,-0.01110072709,0.2540623554
2020-03-31,-0.1297369072,-0.1236777892,0.0733585331
2020-06-30,0.01300875804,0.01256562285,0.446975294
2020-09-30,0.05121733661,0.03847152956,0.3835812408
2020-12-31,0.04134413599,0.03188843621,0.1632708724
2021-03-31,-0.005153088102,-0.01094299198,-0.005907459326
2021-06-30,-0.01799338807,-0.02180032071,0.2183239449
2021-09-30,-0.01609778125,-0.01839477047,0.06604345142
2021-12-31,-0.006170908573,-0.00657577632,0.2867676799
2022-03-31,-0.02157927049,-0.02115797755,-0.07235943464
2022-06-30,0.009142236622,0.01301351723,-0.4022311653
2022-09-30,0.007119427285,0.008195253241,-0.020482982
2022-12-31,-0.001986605971,-0.003407339723,-0.1672123814
2023-03-31,0.01327822113,0.01151576671,0.6928048248
2023-06-30,-0.0467988037,-0.05591391672,0.4126677622
2023-09-30,0.04757503206,0.04415143802,0.005690601024
2023-12-31,0.02799837162,0.02383350368,0.117216633
2024-03-31,-0.03838676106,-0.04198731089,0.525173167
2024-06-30,0.01680681228,0.01811242019,-0.0294448109
