sistema,activo,rc_promedio_abs,peso_promedio_abs
RP,NVDA,0.1833569865,0.02390369854
RP,AMZN,0.1406100159,0.03184118463
RP,TSLA,0.1906451589,0.02347722213
RP,META,0.1362315029,0.03023588708
RP,NFLX,0.1759855434,0.02766244182
RP,GOOGL,0.1948517305,0.03770560772
RP,concentracion_max_rc,0.6781230632,
RP,herfindahl_rc,0.6258539276,
EW,NVDA,0.2168130821,0.03053873824
EW,AMZN,0.1257509686,0.02802411704
EW,TSLA,0.2231062936,0.03001439699
EW,META,0.1224736364,0.02821988775
EW,NFLX,0.1813114847,0.02947727645
EW,GOOGL,0.1519870855,0.02937550636
EW,concentracion_max_rc,0.7135569261,
EW,herfindahl_rc,0.6507525174,
RP naïve,NVDA,0.1829280524,0.02327534949
RP naïve,AMZN,0.1517504661,0.0338900069
RP naïve,TSLA,0.1687671154,0.01979528266
RP naïve,META,0.1431313944,0.03100988188
RP naïve,NFLX,0.1676663678,0.02575733767
RP naïve,GOOGL,0.2079270092,0.04018238691
RP naïve,concentracion_max_rc,0.6731720193,
RP naïve,herfindahl_rc,0.6265195573,
