tipo,parametro,delta,calmar,sharpe,mdd,retorno_total
parametro,ema_fast,-0.2,0.01375465694,0.06166952493,0.1319952826,0.01517222714
parametro,ema_fast,-0.1,0.024873027,0.09162981433,0.1328286079,0.02776031925
parametro,ema_fast,0,-0.01218953286,-0.009495713712,0.1569234634,-0.01576902595
parametro,ema_fast,0.1,-0.02544586551,-0.04578553472,0.1594712062,-0.03319204598
parametro,ema_fast,0.2,-0.02136647772,-0.03424581736,0.1639104355,-0.02870471703
parametro,ema_gap,-0.2,0.006312654791,0.04317649598,0.1445268875,0.007599215116
parametro,ema_gap,-0.1,0.007822426291,0.04890230197,0.1517126795,0.009894793705
parametro,ema_gap,0,-0.01218953286,-0.009495713712,0.1569234634,-0.01576902595
parametro,ema_gap,0.1,-0.0354807964,-0.08808132258,0.1769639883,-0.05094500047
parametro,ema_gap,0.2,-0.02914907892,-0.07131572391,0.1846799742,-0.04382110067
parametro,rsi_window,-0.2,-0.01548083363,-0.01936474791,0.1866690729,-0.02373830415
parametro,rsi_window,-0.1,-0.02937335419,-0.06472577205,0.1801624089,-0.04309239713
parametro,rsi_window,0,-0.01218953286,-0.009495713712,0.1569234634,-0.01576902595
parametro,rsi_window,0.1,-0.008007477786,0.001832790978,0.1554099615,-0.01028402976
parametro,rsi_window,0.2,0.01958449096,0.0824600182,0.1482674941,0.02436278752
parametro,rsi_lower,-0.2,-0.00458349494,0.008591452052,0.1610201159,-0.006110378313
parametro,rsi_lower,-0.1,-0.01215415144,-0.01391069654,0.1601130243,-0.01604089588
parametro,rsi_lower,0,-0.01218953286,-0.009495713712,0.1569234634,-0.01576902595
parametro,rsi_lower,0.1,-0.01466919663,-0.01488009752,0.177093036,-0.02136254677
parametro,rsi_lower,0.2,-0.0279909733,-0.04780435705,0.1823436768,-0.04158999316
parametro,rsi_upper,-0.2,-0.05853919862,-0.1795333533,0.1954347146,-0.09110212041
parametro,rsi_upper,-0.1,-0.03723480541,-0.09684038615,0.181431813,-0.054718312
parametro,rsi_upper,0,-0.01218953286,-0.009495713712,0.1569234634,-0.01576902595
parametro,rsi_upper,0.1,0.09123917759,0.2499268557,0.127405301,0.1006974533
parametro,rsi_upper,0.2,0.1620481667,0.4230764784,0.1273373776,0.1847811295
parametro,bb_window,-0.2,-0.0377545444,-0.07977278662,0.1587591857,-0.04868348325
parametro,bb_window,-0.1,0.001284174512,0.03070729333,0.1357612855,0.001448230073
parametro,bb_window,0,-0.01218953286,-0.009495713712,0.1569234634,-0.01576902595
parametro,bb_window,0.1,-0.01248929252,-0.006816599092,0.1442716297,-0.01486019354
parametro,bb_window,0.2,-0.02719288042,-0.04553166196,0.1398440175,-0.03113416613
parametro,max_hold,-0.2,-0.002752276003,0.01848382376,0.1327152634,-0.003028272226
parametro,max_hold,-0.1,-0.0319073871,-0.06720788947,0.1540807517,-0.04008819331
parametro,max_hold,0,-0.01218953286,-0.009495713712,0.1569234634,-0.01576902595
parametro,max_hold,0.1,-0.007479935348,0.005738783985,0.1609636833,-0.009951271063
parametro,max_hold,0.2,-0.01552873324,-0.01928372998,0.165942976,-0.02119206375
parametro,bb_k,-0.2,-0.0921048886,-0.3681803293,0.2746427987,-0.1915999074
parametro,bb_k,-0.1,-0.06739835461,-0.1882639199,0.1906015615,-0.1017753045
parametro,bb_k,0,-0.01218953286,-0.009495713712,0.1569234634,-0.01576902595
parametro,bb_k,0.1,0.03495659121,0.1089344415,0.1167891237,0.03440113727
parametro,bb_k,0.2,0.09732546,0.2349351451,0.09299546971,0.077666704
parametro,m_sl,-0.2,-0.02656217244,-0.06224681879,0.1731889605,-0.03755436394
parametro,m_sl,-0.1,0.006231804374,0.04563390938,0.1619159598,0.008407461507
parametro,m_sl,0,-0.01218953286,-0.009495713712,0.1569234634,-0.01576902595
parametro,m_sl,0.1,-0.03852171683,-0.09522228766,0.1740903259,-0.05432857812
parametro,m_sl,0.2,-0.000209472766,0.02776630742,0.1655935109,-0.0002879234411
parametro,m_tp,-0.2,-0.04966109614,-0.1387849407,0.1646129093,-0.0658733075
parametro,m_tp,-0.1,0.001205917941,0.02926820103,0.1469811825,0.001472385987
parametro,m_tp,0,-0.01218953286,-0.009495713712,0.1569234634,-0.01576902595
parametro,m_tp,0.1,-0.03766393686,-0.08971562815,0.1696681284,-0.05182902781
parametro,m_tp,0.2,-0.06068599347,-0.1665928694,0.1743449572,-0.08451492113
multiplicador,M_Tendencia,-0.2,6.186737228e-05,0.02241159216,0.1260818908,6.475717441e-05
multiplicador,M_Tendencia,-0.1,-0.006914873307,0.00423664951,0.1416678801,-0.008103338519
multiplicador,M_Tendencia,0,-0.01218953286,-0.009495713712,0.1569234634,-0.01576902595
multiplicador,M_Tendencia,0.1,-0.01400422569,-0.01310238598,0.1719713284,-0.01981802536
multiplicador,M_Tendencia,0.2,-0.01833949283,-0.02423861701,0.1868138143,-0.02808862597
multiplicador,M_Reversión,-0.2,-0.02138780256,-0.03953539154,0.157035969,-0.02754267896
multiplicador,M_Reversión,-0.1,-0.01695490279,-0.02478666203,0.1566222285,-0.02183245439
multiplicador,M_Reversión,0,-0.01218953286,-0.009495713712,0.1569234634,-0.01576902595
multiplicador,M_Reversión,0.1,-0.008632015405,0.001799326651,0.1572325508,-0.01121152503
multiplicador,M_Reversión,0.2,-0.005112509188,0.01274254318,0.1575494819,-0.006667076066
multiplicador,M_Crisis,-0.2,-0.01355850885,-0.01413871583,0.1583362764,-0.01768282765
multiplicador,M_Crisis,-0.1,-0.0128755808,-0.01181406212,0.1576285117,-0.01672424962
multiplicador,M_Crisis,0,-0.01218953286,-0.009495713712,0.1569234634,-0.01576902595
multiplicador,M_Crisis,0.1,-0.01150035503,-0.00718482442,0.1562211346,-0.01481716254
multiplicador,M_Crisis,0.2,-0.01080803757,-0.00488252331,0.1555215284,-0.0138686652
