tipo,parametro,calmar_base,calmar_min,calmar_max,caida_relativa_max,cambio_relativo_max,cambia_signo,veredicto
parametro,ema_fast,-0.01218953286,-0.02544586551,0.024873027,0.05302533062,0.1482502394,False,meseta
parametro,ema_gap,-0.01218953286,-0.0354807964,0.007822426291,0.09316505417,0.09316505417,False,meseta
parametro,rsi_window,-0.01218953286,-0.02937335419,0.01958449096,0.06873528535,0.1270960953,False,meseta
parametro,rsi_lower,-0.01218953286,-0.0279909733,-0.00458349494,0.06320576179,0.06320576179,False,meseta
parametro,rsi_upper,-0.01218953286,-0.05853919862,0.1620481667,0.1853986631,0.696950798,False,pico
parametro,bb_window,-0.01218953286,-0.0377545444,0.001284174512,0.1022600462,0.1022600462,False,meseta
parametro,max_hold,-0.01218953286,-0.0319073871,-0.002752276003,0.07887141696,0.07887141696,False,meseta
parametro,bb_k,-0.01218953286,-0.0921048886,0.09732546,0.319661423,0.4380599714,False,meseta
parametro,m_sl,-0.01218953286,-0.03852171683,0.006231804374,0.1053287359,0.1053287359,False,meseta
parametro,m_tp,-0.01218953286,-0.06068599347,0.001205917941,0.1939858425,0.1939858425,False,meseta
multiplicador,M_Tendencia,-0.01218953286,-0.01833949283,6.186737228e-05,0.02459983988,0.04900560091,False,meseta
multiplicador,M_Reversión,-0.01218953286,-0.02138780256,-0.005112509188,0.03679307881,0.03679307881,False,meseta
multiplicador,M_Crisis,-0.01218953286,-0.01355850885,-0.01080803757,0.005475903991,0.005525981163,False,meseta
