k,train_inicio,train_fin,retorno_is,cagr_is,sharpe_is,mdd_is,calmar_is
0,2015-07-01,2015-12-31,0.02036714044,0.04081856837,0.7265034715,0.02375568013,1.718265617
1,2015-08-03,2016-01-29,0.05308286147,0.11083534,1.215673899,0.06258445179,1.770972452
2,2015-09-01,2016-02-29,0.04707847915,0.0988364668,1.468831775,0.05985008068,1.651400728
3,2015-10-01,2016-03-31,0.03993512936,0.08283201296,1.052642508,0.05029967365,1.646770385
4,2015-11-02,2016-04-29,-0.03738257865,-0.07508824576,-1.294573557,0.07037589344,-1.066959751
5,2015-12-01,2016-05-31,-0.0003020565088,-0.0006137610759,0.02227417686,0.05118795021,-0.01199034291
6,2016-01-04,2016-06-30,-0.04968029118,-0.09837573111,-1.094282408,0.08707493986,-1.129782361
7,2016-02-01,2016-07-29,0.03063365517,0.06271866773,1.480216525,0.01353163387,4.634966357
8,2016-03-01,2016-08-31,0.01300209369,0.02575906275,0.6252930411,0.04499960683,0.572428618
9,2016-04-01,2016-09-30,0.06242730403,0.1276758655,3.810403165,0.005402658474,12.76758655
10,2016-05-02,2016-10-31,0.08029795846,0.165625033,4.180870735,0.007744197673,16.5625033
11,2016-06-01,2016-11-30,0.05682545779,0.1159083535,4.78916012,0.004322576375,11.59083535
12,2016-07-01,2016-12-30,0.03285688883,0.0667933528,1.85160426,0.01651871624,4.043495381
13,2016-08-01,2017-01-31,0.05234727767,0.1074347928,2.842528994,0.01528463197,7.028942077
14,2016-09-01,2017-02-28,0.03762121251,0.07926827343,1.922315648,0.01597509589,4.961990463
15,2016-10-03,2017-03-31,0.02641717491,0.05441872135,1.563335362,0.02624623466,2.073391557
16,2016-11-01,2017-04-28,0.06432019147,0.1374173157,4.060917031,0.01148648888,11.96338734
17,2016-12-01,2017-05-31,0.05120095524,0.1077183116,3.0852229,0.01245573909,8.6480867
18,2017-01-03,2017-06-30,0.04441914464,0.09234170059,2.699356527,0.01302173643,7.091350767
19,2017-02-01,2017-07-31,0.09419822429,0.2007515966,4.480474919,0.01375497218,14.59483843
20,2017-03-01,2017-08-31,0.1451516834,0.3058297613,4.777777955,0.01032057933,29.63300329
21,2017-04-03,2017-09-29,0.09780620119,0.2069791563,3.824611835,0.02128732743,9.72311611
22,2017-05-01,2017-10-31,0.1009228871,0.2083949387,4.329444608,0.0149382279,13.95044581
23,2017-06-01,2017-11-30,0.06443985808,0.1319184853,2.926814697,0.01425773368,9.252416143
24,2017-07-03,2017-12-29,0.1404232265,0.3033023084,5.190256967,0.009167992099,30.33023084
25,2017-08-01,2018-01-31,0.04214235974,0.08606069797,2.69571621,0.01665489817,5.167290553
26,2017-09-01,2018-02-28,0.05952099052,0.1268488324,3.275965742,0.01174146864,10.80348943
27,2017-10-02,2018-03-29,0.1008561934,0.2175780738,3.560454476,0.02321607121,9.371873124
28,2017-11-01,2018-04-30,0.08513853352,0.183851609,2.450191253,0.02134184586,8.614606728
29,2017-12-01,2018-05-31,0.04392781516,0.09207305905,1.948656329,0.02823663225,3.260766307
30,2018-01-02,2018-06-29,0.05184454678,0.1081823637,2.116987031,0.01378415694,7.848311957
31,2018-02-01,2018-07-31,0.08751393648,0.1858915633,2.510980166,0.02149745449,8.64714301
32,2018-03-01,2018-08-31,0.0777547385,0.1588404171,2.130041006,0.0182301762,8.713048922
33,2018-04-02,2018-09-28,0.06655095044,0.1375309299,2.771842357,0.01643366592,8.36885273
34,2018-05-01,2018-10-31,0.03235743845,0.06470180994,1.53923204,0.01171595605,5.522537781
35,2018-06-01,2018-11-30,0.0441750946,0.08955966537,1.962881394,0.02478010801,3.614175747
36,2018-07-02,2018-12-31,0.06743506002,0.140607938,2.158361468,0.01831870647,7.675647746
37,2018-08-01,2019-01-31,0.03215742102,0.06588859147,1.040784322,0.0360912996,1.825608726
38,2018-09-04,2019-02-28,-0.009541550755,-0.01976904826,-0.2580918684,0.04893150082,-0.4040147539
39,2018-10-01,2019-03-29,0.01479278966,0.03054233384,0.944227929,0.01723723588,1.77188118
40,2018-11-01,2019-04-30,-0.001215596312,-0.00252998928,-0.1459203541,0.01177933088,-0.214782088
41,2018-12-03,2019-05-31,-0.02175541742,-0.04441679887,-1.283369534,0.03272618788,-1.357224955
42,2019-01-02,2019-06-28,-0.01189845554,-0.02422525236,-0.5940545398,0.04065689223,-0.5958461416
43,2019-02-01,2019-07-31,-0.01997063709,-0.04016724665,-0.5955923507,0.05777185757,-0.6952735872
44,2019-03-01,2019-08-30,0.02256812849,0.04527814718,0.9250559929,0.03126260916,1.448316324
45,2019-04-01,2019-09-30,0.02903736337,0.05891789522,1.078834255,0.02798824455,2.105094341
46,2019-05-01,2019-10-31,0.08752389023,0.179611233,2.037389265,0.04126065614,4.353087174
47,2019-06-03,2019-11-29,0.1088091788,0.229457795,4.282465611,0.01293311381,17.74188322
48,2019-07-01,2019-12-31,0.01845920693,0.03696042114,0.6992990536,0.03895641008,0.9487635298
49,2019-08-01,2020-01-31,0.0189831518,0.03832666366,0.849770106,0.02803240331,1.367227178
50,2019-09-03,2020-02-28,0.08617011314,0.1845320388,3.153554865,0.01964308984,9.394247051
51,2019-10-01,2020-03-31,0.05960392503,0.1238009986,1.493829608,0.04864084628,2.545206509
52,2019-11-01,2020-04-30,-0.0006527977426,-0.001336981449,0.05817587407,0.1284721391,-0.01040678126
53,2019-12-02,2020-05-29,0.06216523093,0.1315189316,0.7398855491,0.1441452831,0.9124053789
54,2020-01-02,2020-06-30,0.1271099168,0.2752897619,2.462678722,0.04952978807,5.558064604
55,2020-02-03,2020-07-31,0.1000503145,0.211958363,1.833301469,0.07446811947,2.846296705
56,2020-03-02,2020-08-31,0.1131298222,0.2369684748,2.019410731,0.06761006997,3.504928703
57,2020-04-01,2020-09-30,0.08345020607,0.173864349,3.318904853,0.01153955086,15.06682116
58,2020-05-01,2020-10-30,0.0481309594,0.09776554017,1.961635736,0.02039433949,4.793758592
59,2020-06-01,2020-11-30,0.07311841963,0.150304076,2.791143635,0.02029933528,7.404384132
60,2020-07-01,2020-12-31,0.07885307217,0.1625335999,3.2152817,0.01531087712,10.61556425
61,2020-08-03,2021-01-29,0.06343846543,0.133147433,3.317107267,0.008726672685,13.3147433
62,2020-09-01,2021-02-26,0.1141642922,0.2501931349,3.388730502,0.01248914779,20.03284284
63,2020-10-01,2021-03-31,0.06066296081,0.1271452468,1.617448721,0.04699905858,2.705272204
64,2020-11-02,2021-04-30,0.05839419917,0.1233037701,1.771952609,0.03951225619,3.120646149
65,2020-12-01,2021-05-28,0.03709189505,0.07747214905,1.461713576,0.02455789317,3.154674081
66,2021-01-04,2021-06-30,0.1064746693,0.2303436684,2.988423019,0.03121964305,7.378164701
67,2021-02-01,2021-07-30,0.03438606657,0.07053346099,1.122781016,0.05071247048,1.390850423
68,2021-03-01,2021-08-31,0.09230883235,0.1898510427,1.846146675,0.05554572038,3.417923855
69,2021-04-01,2021-09-30,0.06039757693,0.1244430212,2.937804091,0.01721751279,7.227700232
70,2021-05-03,2021-10-29,0.02316923337,0.04687528012,0.9334413538,0.02934868698,1.597184915
71,2021-06-01,2021-11-30,0.06500947671,0.1331207203,2.748611488,0.01429036423,9.315418288
72,2021-07-01,2021-12-31,0.1138201354,0.2384910836,3.425343338,0.03166926934,7.530678433
73,2021-08-02,2022-01-31,0.1052159164,0.221502222,3.429134797,0.01783333664,12.42068304
74,2021-09-01,2022-02-28,0.09674750368,0.2082859662,3.173524386,0.02157118667,9.655749095
75,2021-10-01,2022-03-31,0.04770764863,0.09851014143,2.313194067,0.01847705082,5.331486198
76,2021-11-01,2022-04-29,0.04981003068,0.1038305942,1.656862323,0.0226254113,4.589114108
77,2021-12-01,2022-05-31,0.006644890757,0.01355045019,0.2648597271,0.04599780641,0.2945890521
78,2022-01-03,2022-06-30,-0.001140898785,-0.002336052754,-0.03237365124,0.03301673832,-0.07075358962
79,2022-02-01,2022-07-29,0.001470087398,0.003014208293,0.326492089,0.005941379637,0.3014208293
80,2022-03-01,2022-08-31,0.0004161317665,0.0008258793731,0.04751762429,0.01368539218,0.06034751234
81,2022-04-01,2022-09-30,0,0,0,0,0
82,2022-05-02,2022-10-31,0.0371649527,0.07571113911,3.081467014,0.003481585405,7.571113911
83,2022-06-01,2022-11-30,0.0256894058,0.05203875718,1.858913104,0.01131497075,4.599106645
84,2022-07-01,2022-12-30,-0.02767842655,-0.05459075779,-2.342237418,0.03037227771,-1.797387681
85,2022-08-01,2023-01-31,-0.02817009198,-0.05554662988,-1.515550419,0.03971089141,-1.398775699
86,2022-09-01,2023-02-28,-0.019764012,-0.04039433411,-0.9282678919,0.0411180951,-0.982397993
87,2022-10-03,2023-03-31,-0.02985359154,-0.05973567943,-1.460862068,0.04079564372,-1.464266132
88,2022-11-01,2023-04-28,-0.0612996792,-0.1224892972,-3.102621329,0.066700509,-1.836407234
89,2022-12-01,2023-05-31,-0.03708056823,-0.07449363141,-1.714785772,0.04173212398,-1.785042895
90,2023-01-03,2023-06-30,-0.09291478993,-0.1811012188,-2.888370728,0.1056968537,-1.713402173
91,2023-02-01,2023-07-31,0.006764219391,0.01390756311,0.3476894647,0.03757365712,0.3701413217
92,2023-03-01,2023-08-31,0.0362722366,0.07325777382,1.605962594,0.03223045123,2.272936649
93,2023-04-03,2023-09-29,0.08697236172,0.1846916889,3.158309074,0.02046944012,9.022801205
94,2023-05-01,2023-10-31,0.1153689922,0.2419107444,4.035508455,0.03037647469,7.963753096
95,2023-06-01,2023-11-30,0.1411495091,0.302222202,4.749738683,0.01198250468,25.22195568
96,2023-07-03,2023-12-29,0.1871576302,0.4132171873,6.559330924,0.00754029453,41.32171873
97,2023-08-01,2024-01-31,0.1633388127,0.3533571931,3.604371029,0.02984322218,11.84045043
98,2023-09-01,2024-02-29,0.08567004706,0.1834150035,3.655212042,0.009054729095,18.34150035
99,2023-10-02,2024-03-28,0.09367786355,0.2013675271,4.043565464,0.01477102388,13.63260453
